0055,元大MSCI金融,市,2023/12/12,,23.77,0.01,0.04,109,2.6,23.76,23.78,23.78,23.73,0.21,,,    ,    ,    ,    ,    
0061,元大寶滬深,市,2023/12/12,,16.24,0.21,1.31,248,4.03,16.03,16.21,16.33,16.2,0.81,,,    ,    ,    ,    ,    
006201,元大富櫃50,櫃,2023/12/12,,19.89,0.12,0.61,26,0.52,19.77,19.93,19.95,19.85,0.51,,,    ,    ,    ,    ,    
006207,復華滬深,市,2023/12/12,,21.45,0.27,1.27,107,2.29,21.18,21.42,21.45,21.42,0.14,,,    ,    ,    ,    ,    
00625K,富邦上証+R,市,2023/12/12,,6.3,0,0,0,0,6.3,6.3,6.3,6.3,0,,,    ,    ,    ,    ,    
00632R,元大台灣50反1,市,2023/12/12,,4.61,-0.01,-0.22,74519,342,4.62,4.59,4.62,4.58,0.87,,,    ,    ,    ,    ,    
00634R,富邦上証反1,市,2023/12/12,,5.01,-0.07,-1.38,583,2.93,5.08,5.02,5.02,5,0.39,,,    ,    ,    ,    ,    
00635U,期元大S&P黃金,市,2023/12/12,,24.15,-0.16,-0.66,363,8.77,24.31,24.14,24.16,24.1,0.25,,,    ,    ,    ,    ,    
00636,國泰中國A50,市,2023/12/12,,18.86,0.23,1.23,1520,28.7,18.63,18.83,18.92,18.77,0.81,,,    ,    ,    ,    ,    
00636K,國泰中國A50+U,市,2023/12/12,,6.01,0.11,1.86,0,0,5.9,6.01,6.01,6.01,0,,,    ,    ,    ,    ,    
00637L,元大滬深300正2,市,2023/12/12,,11.59,0.28,2.48,57403,666,11.31,11.63,11.68,11.5,1.59,,,    ,    ,    ,    ,    
00638R,元大滬深300反1,市,2023/12/12,,10.61,-0.11,-1.03,1390,14.7,10.72,10.58,10.62,10.56,0.56,,,    ,    ,    ,    ,    
00639,富邦深100,市,2023/12/12,,10.3,0.09,0.88,179,1.84,10.21,10.26,10.32,10.26,0.59,,,    ,    ,    ,    ,    
00641R,富邦日本反1,市,2023/12/12,,7.67,0.01,0.13,399,3.05,7.66,7.61,7.67,7.61,0.78,,,    ,    ,    ,    ,    
00642U,期元大S&P石油,市,2023/12/12,,15.81,0.03,0.19,2436,38.4,15.78,15.73,15.82,15.69,0.82,,,    ,    ,    ,    ,    
00643,群益深証中小,市,2023/12/12,,11.9,0.1,0.85,111,1.32,11.8,11.95,11.95,11.86,0.76,,,    ,    ,    ,    ,    
00643K,群益深証中小+R,市,2023/12/12,,2.71,0,0,0,0,2.71,2.71,2.71,2.71,0,,,    ,    ,    ,    ,    
00648R,元大S&P500反1,市,2023/12/12,,6.41,-0.02,-0.31,690,4.42,6.43,6.4,6.41,6.39,0.31,,,    ,    ,    ,    ,    
00650L,復華香港正2,市,2023/12/12,,8.74,0.28,3.31,13093,114,8.46,8.71,8.78,8.58,2.36,,,    ,    ,    ,    ,    
00651R,復華香港反1,市,2023/12/12,,9.86,-0.15,-1.5,422,4.16,10.01,9.9,9.93,9.81,1.2,,,    ,    ,    ,    ,    
00654R,富邦印度反1,市,2023/12/12,,7.1,0,0,32,0.23,7.1,7.08,7.1,7.07,0.42,,,    ,    ,    ,    ,    
00655L,國泰中國A50正2,市,2023/12/12,,20.32,0.52,2.63,2377,48.4,19.8,20.36,20.5,20.13,1.87,,,    ,    ,    ,    ,    
00656R,國泰中國A50反1,市,2023/12/12,,9.46,-0.12,-1.25,447,4.22,9.58,9.42,9.46,9.42,0.42,,,    ,    ,    ,    ,    
00657K,國泰日經225+U,市,2023/12/12,,12.35,0.06,0.49,0,0,12.29,12.35,12.35,12.35,0,,,    ,    ,    ,    ,    
00664R,國泰臺灣加權反1,市,2023/12/12,,5.19,-0.01,-0.19,3539,18.3,5.2,5.16,5.19,5.15,0.77,,,    ,    ,    ,    ,    
00665L,富邦恒生國企正2,市,2023/12/12,,5.48,0.28,5.38,46402,252,5.2,5.38,5.49,5.32,3.27,,,    ,    ,    ,    ,    
00666R,富邦恒生國企反1,市,2023/12/12,,17,-0.38,-2.19,309,5.27,17.38,17.1,17.18,16.93,1.44,,,    ,    ,    ,    ,    
00668K,國泰美國道瓊+U,市,2023/12/12,,13.23,0.05,0.38,0,0,13.18,13.23,13.23,13.23,0,,,    ,    ,    ,    ,    
00669R,國泰美國道瓊反1,市,2023/12/12,,7.51,-0.03,-0.4,1962,14.7,7.54,7.5,7.51,7.49,0.27,,,    ,    ,    ,    ,    
00671R,富邦NASDAQ反1,市,2023/12/12,,4.51,-0.06,-1.31,10199,46,4.57,4.51,4.52,4.5,0.44,,,    ,    ,    ,    ,    
00673R,期元大S&P原油反1,市,2023/12/12,,8.46,-0.01,-0.12,6878,58.4,8.47,8.49,8.52,8.44,0.94,,,    ,    ,    ,    ,    
00674R,期元大S&P黃金反1,市,2023/12/12,,12.27,0.03,0.25,1095,13.5,12.24,12.29,12.31,12.27,0.33,,,    ,    ,    ,    ,    
00676R,富邦臺灣加權反1,市,2023/12/12,,2.87,0,0,5247,15,2.87,2.86,2.88,2.85,1.05,,,    ,    ,    ,    ,    
00680L,元大美債20正2,市,2023/12/12,,9.36,0.09,0.97,48651,452,9.27,9.28,9.36,9.24,1.29,,,    ,    ,    ,    ,    
00681R,元大美債20反1,市,2023/12/12,,19.92,-0.06,-0.3,258,5.15,19.98,19.99,20.01,19.92,0.45,,,    ,    ,    ,    ,    
00682U,期元大美元指數,市,2023/12/12,,20.88,0,0,0,0,20.88,20.88,20.88,20.88,0,,,    ,    ,    ,    ,    
00683L,期元大美元指正2,市,2023/12/12,,22.21,-0.04,-0.18,181,4.03,22.25,22.26,22.26,22.21,0.22,,,    ,    ,    ,    ,    
00684R,期元大美元指反1,市,2023/12/12,,15.72,0.02,0.13,12,0.19,15.7,15.64,15.72,15.64,0.51,,,    ,    ,    ,    ,    
00686R,群益臺灣加權反1,市,2023/12/12,,3.09,-0.01,-0.32,90,0.28,3.1,3.08,3.09,3.08,0.32,,,    ,    ,    ,    ,    
00688L,國泰20年美債正2,市,2023/12/12,,9.15,0.04,0.44,35362,322,9.11,9.08,9.15,9.05,1.1,,,    ,    ,    ,    ,    
00689R,國泰20年美債反1,市,2023/12/12,,20.68,-0.06,-0.29,18,0.37,20.74,20.74,20.74,20.68,0.29,,,    ,    ,    ,    ,    
00700,富邦恒生國企,市,2023/12/12,,11.03,0.21,1.94,182,2.01,10.82,10.91,11.1,10.91,1.76,,,    ,    ,    ,    ,    
00702,國泰標普低波高息,市,2023/12/12,,21.13,-0.04,-0.19,150,3.16,21.17,21.1,21.14,21.1,0.19,,,    ,    ,    ,    ,    
00703,台新MSCI中國,市,2023/12/12,,13.83,0.28,2.07,108,1.49,13.55,13.8,13.86,13.8,0.44,,,    ,    ,    ,    ,    
00706L,期元大S&P日圓正2,市,2023/12/12,,7.58,0,0,23133,175,7.58,7.53,7.59,7.53,0.79,,,    ,    ,    ,    ,    
00710B,復華彭博非投等債,市,2023/12/12,,18.84,0.01,0.05,322,6.06,18.83,18.8,18.87,18.8,0.37,,,    ,    ,    ,    ,    
00711B,復華彭博新興債,市,2023/12/12,,16.03,0.01,0.06,161,2.58,16.02,16,16.03,16,0.19,,,    ,    ,    ,    ,    
00712,復華富時不動產,市,2023/12/12,,9.78,0.05,0.51,13964,136,9.73,9.75,9.78,9.74,0.41,,,    ,    ,    ,    ,    
00714,群益道瓊美國地產,市,2023/12/12,,18.92,0.05,0.26,369,6.98,18.87,18.89,18.92,18.89,0.16,,,    ,    ,    ,    ,    
00715L,期街口布蘭特正2,市,2023/12/12,,13.07,0.04,0.31,17064,221,13.03,13,13.07,12.86,1.61,,,    ,    ,    ,    ,    
00717,富邦美國特別股,市,2023/12/12,,14.84,-0.02,-0.13,142,2.1,14.86,14.82,14.84,14.82,0.13,,,    ,    ,    ,    ,    
00718B,富邦中國政策債,櫃,2023/12/12,,19.91,0.02,0.1,163,3.25,19.89,19.92,19.92,19.91,0.05,,,    ,    ,    ,    ,    
00730,富邦臺灣優質高息,市,2023/12/12,,19.74,0.18,0.92,938,18.5,19.56,19.66,19.74,19.63,0.56,,,    ,    ,    ,    ,    
00734B,台新JPM新興債,櫃,2023/12/12,,15.59,-0.01,-0.06,1016,15.8,15.6,15.6,15.6,15.59,0.06,,,    ,    ,    ,    ,    
00736,國泰新興市場,市,2023/12/12,,19.85,0.13,0.66,103,2.05,19.72,19.85,19.85,19.85,0,,,    ,    ,    ,    ,    
00738U,期元大道瓊白銀,市,2023/12/12,,21.67,-0.05,-0.23,834,18,21.72,21.62,21.69,21.59,0.46,,,    ,    ,    ,    ,    
00739,元大MSCI A股,市,2023/12/12,,20.06,0.21,1.06,19,0.38,19.85,20.05,20.07,20.04,0.15,,,    ,    ,    ,    ,    
00752,中信中國50,市,2023/12/12,,16.38,0.31,1.93,2136,35,16.07,16.27,16.45,16.23,1.37,,,    ,    ,    ,    ,    
00753L,中信中國50正2,市,2023/12/12,,7.11,0.33,4.87,15135,107,6.78,7,7.13,6.98,2.21,,,    ,    ,    ,    ,    
00763U,期街口道瓊銅,市,2023/12/12,,23.47,-0.09,-0.38,31,0.73,23.56,23.47,23.47,23.45,0.08,,,    ,    ,    ,    ,    
00771,元大US高息特別股,市,2023/12/12,,16.19,-0.07,-0.43,29,0.46,16.26,16.23,16.23,16.17,0.37,,,    ,    ,    ,    ,    
00783,富邦中証500,市,2023/12/12,,18.66,0.2,1.08,33,0.61,18.46,18.66,18.66,18.66,0,,,    ,    ,    ,    ,    
00852L,國泰美國道瓊正2,市,2023/12/12,,21.49,0.21,0.99,376,8.08,21.28,21.46,21.5,21.45,0.23,,,    ,    ,    ,    ,    
00877,復華中國5G,櫃,2023/12/12,,10.19,0.02,0.2,1400,14.4,10.17,10.3,10.33,10.19,1.38,,,    ,    ,    ,    ,    
00878,國泰永續高股息,市,2023/12/12,,20.63,0.02,0.1,51073,1055,20.61,20.69,20.7,20.61,0.44,,,    ,    ,    ,    ,    
00881,國泰台灣5G+,市,2023/12/12,,17.65,0.03,0.17,7776,138,17.62,17.71,17.77,17.62,0.85,,,    ,    ,    ,    ,    
00882,中信中國高股息,市,2023/12/12,,10.21,0.18,1.79,21118,214,10.03,10.1,10.21,10.09,1.2,,,    ,    ,    ,    ,    
00885,富邦越南,市,2023/12/12,,11.91,0.01,0.08,7114,85,11.9,11.93,11.99,11.91,0.67,,,    ,    ,    ,    ,    
00887,永豐中國科技50大,櫃,2023/12/12,,11.5,0.02,0.17,77,0.89,11.48,11.5,11.74,11.5,2.09,,,    ,    ,    ,    ,    
00888,永豐台灣ESG,櫃,2023/12/12,,13.94,0.05,0.36,3363,46.9,13.89,13.97,13.98,13.92,0.43,,,    ,    ,    ,    ,    
00891,中信關鍵半導體,市,2023/12/12,,15.81,0.15,0.96,9378,148,15.66,15.8,15.84,15.77,0.45,,,    ,    ,    ,    ,    
00892,富邦台灣半導體,市,2023/12/12,,13.79,0.11,0.8,3567,49.2,13.68,13.8,13.83,13.77,0.44,,,    ,    ,    ,    ,    
00893,國泰智能電動車,市,2023/12/12,,17.2,0.12,0.7,18481,318,17.08,17.23,17.25,17.2,0.29,,,    ,    ,    ,    ,    
00894,中信小資高價30,市,2023/12/12,,15.45,0.07,0.46,1149,17.8,15.38,15.53,15.57,15.44,0.85,,,    ,    ,    ,    ,    
00895,富邦未來車,市,2023/12/12,,19.3,0.02,0.1,2257,43.6,19.28,19.3,19.33,19.29,0.21,,,    ,    ,    ,    ,    
00896,中信綠能及電動車,市,2023/12/12,,15.84,0.01,0.06,3024,47.9,15.83,15.9,15.9,15.81,0.57,,,    ,    ,    ,    ,    
00897,富邦基因免疫生技,市,2023/12/12,,6.95,0,0,1355,9.42,6.95,6.95,6.97,6.94,0.43,,,    ,    ,    ,    ,    
00898,國泰基因免疫革命,市,2023/12/12,,6.83,0.01,0.15,566,3.86,6.82,6.8,6.83,6.8,0.44,,,    ,    ,    ,    ,    
00899,FT潔淨能源,市,2023/12/12,,17.63,-0.09,-0.51,23,0.41,17.72,17.66,17.66,17.63,0.17,,,    ,    ,    ,    ,    
00900,富邦特選高股息30,市,2023/12/12,,13.52,0.09,0.67,24075,326,13.43,13.48,13.56,13.48,0.6,,,    ,    ,    ,    ,    
00901,永豐智能車供應鏈,市,2023/12/12,,14.76,0.01,0.07,1229,18.2,14.75,14.84,14.85,14.74,0.75,,,    ,    ,    ,    ,    
00902,中信電池及儲能,市,2023/12/12,,9.71,0.01,0.1,2865,27.8,9.7,9.71,9.73,9.68,0.52,,,    ,    ,    ,    ,    
00903,富邦元宇宙,市,2023/12/12,,11.92,-0.03,-0.25,818,9.76,11.95,11.95,11.95,11.91,0.33,,,    ,    ,    ,    ,    
00904,新光臺灣半導體30,市,2023/12/12,,14.85,0.13,0.88,1623,24.1,14.72,14.86,14.88,14.82,0.41,,,    ,    ,    ,    ,    
00905,FT臺灣Smart,市,2023/12/12,,10.17,0.05,0.49,2461,25,10.12,10.17,10.19,10.15,0.4,,,    ,    ,    ,    ,    
00907,永豐優息存股,市,2023/12/12,,14.76,0.06,0.41,3888,57.4,14.7,14.75,14.8,14.73,0.48,,,    ,    ,    ,    ,    
00908,富邦入息REITs+,市,2023/12/12,,12.05,0.04,0.33,334,4.02,12.01,12.06,12.06,12.01,0.42,,,    ,    ,    ,    ,    
00909,國泰數位支付服務,市,2023/12/12,,20.65,-0.28,-1.34,607,12.5,20.93,20.67,20.67,20.62,0.24,,,    ,    ,    ,    ,    
00910,第一金太空衛星,市,2023/12/12,,16.07,-0.02,-0.12,122,1.95,16.09,16.06,16.09,16.06,0.19,,,    ,    ,    ,    ,    
00911,兆豐洲際半導體,市,2023/12/12,,22.29,0.87,4.06,133,2.97,21.42,22.18,22.29,22.18,0.51,,,    ,    ,    ,    ,    
00912,中信臺灣智慧50,市,2023/12/12,,15.43,0.07,0.46,1017,15.7,15.36,15.44,15.47,15.42,0.33,,,    ,    ,    ,    ,    
00913,兆豐台灣晶圓製造,市,2023/12/12,,17.75,0.13,0.74,95,1.69,17.62,17.75,17.78,17.72,0.34,,,    ,    ,    ,    ,    
00915,凱基優選高股息30,市,2023/12/12,,22.57,0.22,0.98,9752,220,22.35,22.4,22.62,22.4,0.98,,,    ,    ,    ,    ,    
00916,國泰全球品牌50,市,2023/12/12,,19.12,-0.04,-0.21,151,2.88,19.16,19.17,19.17,19.11,0.31,,,    ,    ,    ,    ,    
00917,中信特選金融,市,2023/12/12,,16.68,0.07,0.42,258,4.29,16.61,16.65,16.68,16.65,0.18,,,    ,    ,    ,    ,    
00918,大華優利高填息30,市,2023/12/12,,22.15,0.32,1.47,56158,1242,21.83,22,22.2,22,0.92,,,    ,    ,    ,    ,    
00919,群益台灣精選高息,市,2023/12/12,,22.37,0.18,0.81,177030,3962,22.19,22.3,22.46,22.29,0.77,,,    ,    ,    ,    ,    
00920,富邦ESG綠色電力,市,2023/12/12,,14.22,-0.07,-0.49,224,3.19,14.29,14.29,14.29,14.2,0.63,,,    ,    ,    ,    ,    
00921,兆豐龍頭等權重,市,2023/12/12,,17.9,-0.04,-0.22,2103,37.7,17.94,17.98,18.01,17.88,0.72,,,    ,    ,    ,    ,    
00922,國泰台灣領袖50,市,2023/12/12,,16.29,0.03,0.18,7395,121,16.26,16.32,16.37,16.27,0.62,,,    ,    ,    ,    ,    
00923,群益台ESG低碳50,市,2023/12/12,,16.78,0.05,0.3,5922,99.5,16.73,16.82,16.86,16.75,0.66,,,    ,    ,    ,    ,    
00924,復華S&P500成長,市,2023/12/12,,17.5,0.05,0.29,802,14,17.45,17.47,17.51,17.47,0.23,,,    ,    ,    ,    ,    
00925,新光標普電動車,市,2023/12/12,,16.08,0.14,0.88,315,5.06,15.94,16.04,16.08,16.04,0.25,,,    ,    ,    ,    ,    
00926,凱基全球菁英55,市,2023/12/12,,16.71,0.08,0.48,177,2.95,16.63,16.7,16.71,16.69,0.12,,,    ,    ,    ,    ,    
00927,群益半導體收益,市,2023/12/12,,17.02,0.18,1.07,2633,44.8,16.84,16.99,17.04,16.98,0.36,,,    ,    ,    ,    ,    
00928,中信上櫃ESG30,櫃,2023/12/12,,16.15,0.13,0.81,1259,20.3,16.02,16.1,16.16,16.1,0.37,,,    ,    ,    ,    ,    
00929,復華台灣科技優息,市,2023/12/12,,19.05,0.27,1.44,98393,1871,18.78,18.89,19.07,18.88,1.01,,,    ,    ,    ,    ,    
00930,永豐ESG低碳高息,市,2023/12/12,,17.96,0.19,1.07,2924,52.5,17.77,17.83,17.99,17.83,0.9,,,    ,    ,    ,    ,    
00931B,統一美債20年,櫃,2023/12/12,,14.75,0,0,14819,218,14.75,14.75,14.76,14.7,0.41,,,    ,    ,    ,    ,    
00932,兆豐永續高息等權,市,2023/12/12,,16.2,0.13,0.81,2897,46.9,16.07,16.13,16.2,16.13,0.44,,,    ,    ,    ,    ,    
00933B,國泰10Y+金融債,櫃,2023/12/12,,16.34,0.04,0.25,15645,255,16.3,16.3,16.34,16.27,0.43,,,    ,    ,    ,    ,    
00934,中信成長高股息,市,2023/12/12,,16.8,0.1,0.6,19227,323,16.7,16.82,16.85,16.78,0.42,,,    ,    ,    ,    ,    
00935,野村臺灣新科技50,市,2023/12/12,,16.62,0.05,0.3,8884,148,16.57,16.63,16.68,16.58,0.6,,,    ,    ,    ,    ,    
00936,台新永續高息中小,市,2023/12/12,,16.11,0.27,1.7,10646,171,15.84,15.91,16.13,15.91,1.39,,,    ,    ,    ,    ,    
00937B,群益ESG投等債20+,櫃,2023/12/12,,15.9,0.09,0.57,52575,831,15.81,15.81,15.94,15.75,1.2,,,    ,    ,    ,    ,    
01001T,土銀富邦R1,市,2023/12/12,,14.1,0,0,194,2.73,14.1,14.07,14.1,14.07,0.21,,,    ,    ,    ,    ,    
01002T,土銀國泰R1,市,2023/12/12,,17.05,0.05,0.29,41,0.7,17,17,17.05,16.97,0.47,,,    ,    ,    ,    ,    
01004T,土銀富邦R2,市,2023/12/12,,13.29,0,0,204,2.71,13.29,13.25,13.29,13.25,0.3,,,    ,    ,    ,    ,    
01007T,兆豐國泰R2,市,2023/12/12,,16.4,-0.01,-0.06,17,0.28,16.41,16.42,16.5,16.4,0.61,,,    ,    ,    ,    ,    
01009T,王道圓滿R1,市,2023/12/12,,8.03,0,0,6,0.05,8.03,8.03,8.03,8.03,0,,,    ,    ,    ,    ,    
01010T,京城樂富R1,市,2023/12/12,,10.06,0,0,1,0.01,10.06,10.06,10.06,10.06,0,,,    ,    ,    ,    ,    
020000,富邦特選蘋果N,市,2023/12/12,,9.35,0,0,0,0,9.35,9.35,9.35,9.35,0,,,    ,    ,    ,    ,    
020001,富邦存股雙十N,櫃,2023/12/12,,9.65,0.07,0.73,10,0.1,9.58,9.65,9.65,9.65,0,,,    ,    ,    ,    ,    
020002,元富新中國N,市,2023/12/12,,11.16,0,0,0,0,11.3,11.16,11.16,11.16,0,,,    ,    ,    ,    ,    
020011,統一微波高息20N,市,2023/12/12,,8.17,0,0,0,0,8.21,8.17,8.17,8.17,0,,,    ,    ,    ,    ,    
020012,富邦行動通訊N,市,2023/12/12,,9.78,0,0,0,0,9.72,9.78,9.78,9.78,0,,,    ,    ,    ,    ,    
020015,統一MSCI美低波N,市,2023/12/12,,15.2,0,0,0,0,15.2,15.2,15.2,15.2,0,,,    ,    ,    ,    ,    
020016,統一MSCI美科技N,市,2023/12/12,,22.65,0,0,0,0,22.49,22.65,22.65,22.65,0,,,    ,    ,    ,    ,    
020018,統一價值成長30N,市,2023/12/12,,19.48,0.14,0.72,14,0.27,19.34,19.44,19.48,19.44,0.21,,,    ,    ,    ,    ,    
020019,統一特選台灣5GN,市,2023/12/12,,14.91,0.01,0.07,19,0.28,14.9,14.98,14.98,14.91,0.47,,,    ,    ,    ,    ,    
02001B,統一美國政府債N,櫃,2023/12/12,,8.07,0,0,0,0,8.11,8.07,8.07,8.07,0,,,    ,    ,    ,    ,    
02001L,富邦蘋果正二N,市,2023/12/12,,16.88,-0.15,-0.88,78,1.33,17.03,17.23,17.26,16.87,2.29,,,    ,    ,    ,    ,    
02001R,富邦蘋果反一N,市,2023/12/12,,1.99,-0.01,-0.5,1,0,2.02,1.99,1.99,1.99,0,,,    ,    ,    ,    ,    
02001S,策元大加權策略N,市,2023/12/12,,5.85,0,0,0,0,5.85,5.85,5.85,5.85,0,,,    ,    ,    ,    ,    
020020,元大台股領航N,市,2023/12/12,,8.24,0,0,85,0.7,8.24,8.27,8.28,8.24,0.49,,,    ,    ,    ,    ,    
020023,元大櫃買半導體N,櫃,2023/12/12,,6.09,0.12,2.01,128,0.78,5.97,6.05,6.1,6.05,0.84,,,    ,    ,    ,    ,    
020024,兆豐富櫃200N,櫃,2023/12/12,,6.55,0,0,0,0,6.52,6.55,6.55,6.55,0,,,    ,    ,    ,    ,    
020025,統一亞洲半導體N,櫃,2023/12/12,,8.36,0.1,1.21,54,0.45,8.26,8.35,8.38,8.35,0.36,,,    ,    ,    ,    ,    
020026,兆豐上櫃ESG電菁N,櫃,2023/12/12,,5.41,0,0,0,0,5.32,5.41,5.41,5.41,0,,,    ,    ,    ,    ,    
020027,元大上櫃ESG成長N,櫃,2023/12/12,,5.53,0.11,2.03,704,3.87,5.42,5.42,5.53,5.42,2.03,,,    ,    ,    ,    ,    
020028,元大特選電動車N,市,2023/12/12,,7.4,-0.04,-0.54,177,1.32,7.44,7.5,7.5,7.39,1.48,,,    ,    ,    ,    ,    
020029,元大ESG高股息N,市,2023/12/12,,6.86,0.05,0.73,127,0.87,6.81,6.82,6.9,6.82,1.17,,,    ,    ,    ,    ,    
02002L,兆豐富櫃200正二N,櫃,2023/12/12,,7.29,0.04,0.55,4,0.03,7.25,7.29,7.29,7.29,0,,,    ,    ,    ,    ,    
020030,統一智慧電動車N,市,2023/12/12,,4.89,0.01,0.2,84,0.41,4.88,4.91,4.92,4.89,0.61,,,    ,    ,    ,    ,    
020031,統一IC設計臺灣N,市,2023/12/12,,5.81,0.04,0.69,148,0.86,5.77,5.82,5.85,5.79,1.04,,,    ,    ,    ,    ,    
020032,元大綠能N,市,2023/12/12,,5.31,0.01,0.19,6,0.03,5.3,5.32,5.32,5.31,0.19,,,    ,    ,    ,    ,    
020033,統一恒生科期N,櫃,2023/12/12,,3.24,0.06,1.89,16,0.05,3.18,3.26,3.26,3.24,0.63,,,    ,    ,    ,    ,    
020034,元大IC設計N,市,2023/12/12,,7.49,0.07,0.94,60,0.45,7.42,7.51,7.52,7.49,0.4,,,    ,    ,    ,    ,    
020035,元大上櫃ESG高息N,櫃,2023/12/12,,6.84,0.04,0.59,35,0.24,6.8,6.87,6.88,6.84,0.59,,,    ,    ,    ,    ,    
020036,元大金融配息N,市,2023/12/12,,5.45,0.02,0.37,4,0.02,5.43,5.45,5.45,5.45,0,,,    ,    ,    ,    ,    
020037,元大金融高股息N,市,2023/12/12,,5.58,0.01,0.18,21,0.12,5.57,5.57,5.59,5.57,0.36,,,    ,    ,    ,    ,    
020038,元大ESG配息N,市,2023/12/12,,5.92,0.05,0.85,139,0.82,5.87,5.9,5.95,5.9,0.85,,,    ,    ,    ,    ,    
020039,元大加權N,市,2023/12/12,,5.2,0.01,0.19,352,1.83,5.19,5.22,5.23,5.19,0.77,,,    ,    ,    ,    ,    
1103,嘉泥,市,2023/12/12,,19.15,-0.05,-0.26,131,2.5,19.2,19.1,19.15,19,0.78,73.7,0.59,    ,    ,    ,    ,    
1108,幸福,市,2023/12/12,,15.8,0.5,3.27,2783,43.9,15.3,15.6,15.95,15.55,2.61,8.59,1.28,    ,    ,    ,    ,    
1109,信大,市,2023/12/12,,18.05,0,0,199,3.6,18.05,18.05,18.1,18,0.55,10.6,0.77,    ,    ,    ,    ,    
1110,東泥,市,2023/12/12,,18.8,0,0,118,2.22,18.8,18.75,18.95,18.65,1.6,40,1.2,    ,    ,    ,    ,    
1201,味全,市,2023/12/12,,19.2,0.1,0.52,165,3.17,19.1,19.15,19.25,19.1,0.79,68.6,1.31,    ,    ,    ,    ,    
1213,大飲,市,2023/12/12,,6.41,-0.14,-2.14,46,0.3,6.55,6.43,6.43,6.41,0.31,,1.35,    ,    ,    ,    ,    
1217,愛之味,市,2023/12/12,,11.65,-0.1,-0.85,1290,15,11.75,11.75,11.75,11.6,1.28,35.3,0.85,    ,    ,    ,    ,    
1218,泰山,市,2023/12/12,,21.8,0.05,0.23,463,10.1,21.75,21.9,21.9,21.7,0.92,2.04,0.89,    ,    ,    ,    ,    
1219,福壽,市,2023/12/12,,19.4,-0.05,-0.26,285,5.51,19.45,19.45,19.45,19.3,0.77,25.9,1.44,    ,    ,    ,    ,    
1220,台榮,市,2023/12/12,,14.3,0.25,1.78,462,6.58,14.05,14.15,14.3,14.15,1.07,31.8,1.12,    ,    ,    ,    ,    
1236,宏亞,市,2023/12/12,,23.95,0.25,1.05,27,0.64,23.7,23.85,23.95,23.8,0.63,66.5,0.87,    ,    ,    ,    ,    
1304,台聚,市,2023/12/12,,19.25,-0.2,-1.03,3899,75.1,19.45,19.55,19.55,19.25,1.54,31.6,0.86,    ,    ,    ,    ,    
1305,華夏,市,2023/12/12,,22.55,-0.15,-0.66,878,19.8,22.7,22.7,22.85,22.5,1.54,40.3,1.36,    ,    ,    ,    ,    
1308,亞聚,市,2023/12/12,,24.35,0.6,2.53,1835,44.4,23.75,23.75,24.35,23.6,3.16,25.4,1.06,    ,    ,    ,    ,    
1309,台達化,市,2023/12/12,,16.55,-0.15,-0.9,479,7.96,16.7,16.8,16.8,16.55,1.5,,0.96,    ,    ,    ,    ,    
1310,台苯,市,2023/12/12,,15.9,-0.05,-0.31,573,9.11,15.95,16,16.05,15.85,1.25,,1.32,    ,    ,    ,    ,    
1312,國喬,市,2023/12/12,,15.45,0.25,1.64,7011,107,15.2,15.1,15.45,15,2.96,,0.45,    ,    ,    ,    ,    
1313,聯成,市,2023/12/12,,15.5,-0.05,-0.32,1274,19.7,15.55,15.55,15.6,15.4,1.29,,0.68,    ,    ,    ,    ,    
1314,中石化,市,2023/12/12,,9.62,-0.04,-0.41,8458,81.6,9.66,9.64,9.74,9.61,1.35,,0.47,    ,    ,    ,    ,    
1316,上曜,市,2023/12/12,,12.7,-0.1,-0.78,2167,27.6,12.8,13,13,12.6,3.13,,1.08,    ,    ,    ,    ,    
1324,地球,市,2023/12/12,,18.55,-2,-9.73,7586,143,20.55,20.55,20.55,18.5,9.98,32,1.43,    ,    ,    ,    ,    
1336,台翰,櫃,2023/12/12,,21.8,0.1,0.46,36,0.78,21.7,21.5,21.8,21.4,1.84,17.6,0.94,    ,    ,    ,    ,    
1337,再生-KY,市,2023/12/12,,7.18,-0.01,-0.14,216,1.55,7.19,7.2,7.24,7.15,1.25,,0.42,    ,    ,    ,    ,    
1340,勝悅-KY,市,2023/12/12,,11.4,-0.05,-0.44,84,0.95,11.45,11.5,11.5,11.35,1.31,,0.4,    ,    ,    ,    ,    
1409,新纖,市,2023/12/12,,15.4,0,0,1361,20.9,15.4,15.4,15.45,15.3,0.97,36.7,0.69,    ,    ,    ,    ,    
1413,宏洲,市,2023/12/12,,8.24,0,0,19,0.16,8.24,8.18,8.24,8.17,0.85,,0.97,    ,    ,    ,    ,    
1414,東和,市,2023/12/12,,17.6,-0.05,-0.28,63,1.1,17.65,17.55,17.6,17.5,0.57,251,1.25,    ,    ,    ,    ,    
1416,廣豐,市,2023/12/12,,11.55,0.1,0.87,556,6.44,11.45,11.6,11.65,11.5,1.31,19.2,0.6,    ,    ,    ,    ,    
1417,嘉裕,市,2023/12/12,,12,0,0,146,1.74,12,12.05,12.05,11.9,1.25,36.4,0.86,    ,    ,    ,    ,    
1418,東華,市,2023/12/12,,20.95,-0.05,-0.24,18,0.37,21,21.5,21.5,20.75,3.57,39.5,0.99,    ,    ,    ,    ,    
1432,大魯閣,市,2023/12/12,,17.85,0.6,3.48,1059,18.7,17.25,17.4,18.2,17.3,5.22,24.8,2.02,    ,    ,    ,    ,    
1439,雋揚,市,2023/12/12,,23.35,0.2,0.86,33,0.77,23.15,23.3,23.35,23.2,0.65,19.1,0.89,    ,    ,    ,    ,    
1440,南紡,市,2023/12/12,,15.95,0.05,0.31,815,13,15.9,16,16.05,15.9,0.94,,0.98,    ,    ,    ,    ,    
1441,大東,市,2023/12/12,,14.6,0,0,137,2.02,14.6,14,15.4,13.95,9.93,,2.22,    ,    ,    ,    ,    
1444,力麗,市,2023/12/12,,10.6,0.05,0.47,1319,14,10.55,10.6,10.65,10.55,0.95,,0.95,    ,    ,    ,    ,    
1445,大宇,市,2023/12/12,,20.9,-0.1,-0.48,40,0.83,21,20.9,20.95,20.8,0.71,48.6,1.56,    ,    ,    ,    ,    
1447,力鵬,市,2023/12/12,,8.13,0.1,1.25,3131,25.4,8.03,8.09,8.18,8.06,1.49,,0.73,    ,    ,    ,    ,    
1449,佳和,市,2023/12/12,,21.8,-0.05,-0.23,2012,43.8,21.85,22.05,22.3,21.4,4.12,41.9,1.1,    ,    ,    ,    ,    
1451,年興,市,2023/12/12,,19.1,0.1,0.53,52,0.98,19,19.05,19.1,18.95,0.79,,0.56,    ,    ,    ,    ,    
1452,宏益,市,2023/12/12,,17,-0.1,-0.58,162,2.77,17.1,17.05,17.15,16.9,1.46,121,0.85,    ,    ,    ,    ,    
1453,大將,市,2023/12/12,,15.2,-0.2,-1.3,191,2.94,15.4,15.35,15.5,15.2,1.95,507,1.18,    ,    ,    ,    ,    
1454,台富,市,2023/12/12,,16.9,-0.1,-0.59,10,0.17,17,16.9,16.9,16.8,0.59,211,1.28,    ,    ,    ,    ,    
1455,集盛,市,2023/12/12,,11.2,-0.2,-1.75,1236,13.9,11.4,11.35,11.35,11.2,1.32,,0.95,    ,    ,    ,    ,    
1456,怡華,市,2023/12/12,,16.2,-0.25,-1.52,57,0.93,16.45,16.45,16.55,16.2,2.13,19.3,0.96,    ,    ,    ,    ,    
1457,宜進,市,2023/12/12,,18.9,-0.05,-0.26,164,3.09,18.95,18.95,18.95,18.8,0.79,85.9,0.85,    ,    ,    ,    ,    
1459,聯發,市,2023/12/12,,10.05,0.05,0.5,295,2.95,10,9.99,10.05,9.97,0.8,31.4,1.14,    ,    ,    ,    ,    
1460,宏遠,市,2023/12/12,,7.5,-0.04,-0.53,471,3.54,7.54,7.54,7.6,7.46,1.86,,0.78,    ,    ,    ,    ,    
1463,強盛,市,2023/12/12,,17.5,-0.1,-0.57,109,1.9,17.6,17.55,17.55,17.3,1.42,22.2,1.27,    ,    ,    ,    ,    
1464,得力,市,2023/12/12,,13.25,0,0,136,1.8,13.25,13.3,13.3,13.2,0.75,221,1.04,    ,    ,    ,    ,    
1465,偉全,市,2023/12/12,,13.95,0.05,0.36,17,0.23,13.9,13.85,14,13.85,1.08,21.1,0.86,    ,    ,    ,    ,    
1466,聚隆,市,2023/12/12,,12.85,-0.75,-5.51,637,8.35,13.6,13.6,13.6,12.85,5.51,,0.98,    ,    ,    ,    ,    
1467,南緯,市,2023/12/12,,11.4,-0.2,-1.72,508,5.85,11.6,11.65,11.7,11.3,3.45,,0.92,    ,    ,    ,    ,    
1468,昶和,市,2023/12/12,,14.4,0,0,36,0.52,14.4,14.35,14.4,14.2,1.39,,1.83,    ,    ,    ,    ,    
1470,大統新創,市,2023/12/12,,19.45,0.4,2.1,43,0.83,19.05,19.2,19.45,19.2,1.31,34.7,1.69,    ,    ,    ,    ,    
1471,首利,市,2023/12/12,,18.1,-0.65,-3.47,2122,38.8,18.75,18.5,18.7,18.1,3.2,,1.86,    ,    ,    ,    ,    
1474,弘裕,市,2023/12/12,,11.7,-0.15,-1.27,70,0.82,11.85,11.85,11.85,11.7,1.27,,0.77,    ,    ,    ,    ,    
1506,正道,市,2023/12/12,,17.45,-0.35,-1.97,258,4.51,17.8,17.8,17.8,17.4,2.25,49.9,1.94,    ,    ,    ,    ,    
1512,瑞利,市,2023/12/12,,12.4,-0.3,-2.36,87,1.07,12.7,12.6,12.6,12.25,2.76,,3.2,    ,    ,    ,    ,    
1516,川飛,市,2023/12/12,,19.7,1.75,9.75,1022,19.8,17.95,17.95,19.7,17.95,9.75,25.6,1.68,    ,    ,    ,    ,    
1517,利奇,市,2023/12/12,,15.4,0.1,0.65,122,1.88,15.3,15.3,15.45,15.3,0.98,,0.91,    ,    ,    ,    ,    
1528,恩德,市,2023/12/12,,11.55,-0.05,-0.43,501,5.8,11.6,11.6,11.75,11.5,2.16,35,0.91,    ,    ,    ,    ,    
1531,高林股,市,2023/12/12,,13.8,0.05,0.36,62,0.86,13.75,13.75,13.8,13.7,0.73,115,0.68,    ,    ,    ,    ,    
1538,正峰,市,2023/12/12,,18.5,0.05,0.27,91,1.68,18.45,18.45,19,17.6,7.59,,4.33,    ,    ,    ,    ,    
1539,巨庭,市,2023/12/12,,24.5,-0.1,-0.41,61,1.48,24.6,24.7,24.7,24.35,1.42,37.7,1.01,    ,    ,    ,    ,    
1540,喬福,市,2023/12/12,,17.8,-0.1,-0.56,404,7.2,17.9,18.05,18.25,17.75,2.79,17,1.08,    ,    ,    ,    ,    
1569,濱川,櫃,2023/12/12,,22.8,-0.05,-0.22,75,1.71,22.85,22.95,23.1,22.8,1.31,,0.83,    ,    ,    ,    ,    
1570,力肯,櫃,2023/12/12,,20.5,-0.05,-0.24,111,2.28,20.55,20.45,20.55,20.45,0.49,27.3,1.19,    ,    ,    ,    ,    
1587,吉茂,市,2023/12/12,,23.2,-0.05,-0.22,61,1.42,23.25,23.6,23.6,23.05,2.37,27,1.13,    ,    ,    ,    ,    
1608,華榮,市,2023/12/12,,22.9,1.05,4.81,30537,708,21.85,22.25,24,22.2,8.24,11.7,1.31,    ,    ,    ,    ,    
1611,中電,市,2023/12/12,,17.4,0.05,0.29,1387,24.4,17.35,17.5,17.8,17.35,2.59,41.4,1.31,    ,    ,    ,    ,    
1616,億泰,市,2023/12/12,,15.8,-0.2,-1.25,6388,102,16,16.65,16.65,15.35,8.12,16.6,1.68,    ,    ,    ,    ,    
1617,榮星,市,2023/12/12,,17.15,0.35,2.08,704,12.2,16.8,17.25,17.85,17,5.06,50.4,1.27,    ,    ,    ,    ,    
1626,艾美特-KY,市,2023/12/12,,16.7,0.2,1.21,49,0.82,16.5,16.7,16.7,16.6,0.61,,0.79,    ,    ,    ,    ,    
1701,中化,市,2023/12/12,,24.55,-0.3,-1.21,1403,34.6,24.85,24.85,24.95,24.55,1.61,22.9,0.99,    ,    ,    ,    ,    
1709,和益,市,2023/12/12,,20.95,0.05,0.24,352,7.35,20.9,20.9,21,20.8,0.96,19,1.25,    ,    ,    ,    ,    
1710,東聯,市,2023/12/12,,20.05,0,0,1262,25.3,20.05,20.1,20.15,19.9,1.25,18.4,1.42,    ,    ,    ,    ,    
1711,永光,市,2023/12/12,,19.75,-0.15,-0.75,777,15.4,19.9,20,20,19.7,1.51,73.1,1.3,    ,    ,    ,    ,    
1714,和桐,市,2023/12/12,,9.09,-0.03,-0.33,1918,17.4,9.12,9.03,9.12,9.02,1.1,17.5,0.73,    ,    ,    ,    ,    
1718,中纖,市,2023/12/12,,8.22,0.04,0.49,2035,16.7,8.18,8.19,8.22,8.18,0.49,,0.52,    ,    ,    ,    ,    
1721,三晃,市,2023/12/12,,15.6,-0.15,-0.95,1038,16.3,15.75,15.85,15.95,15.55,2.54,,1.33,    ,    ,    ,    ,    
1725,元禎,市,2023/12/12,,21.55,-0.3,-1.37,25,0.54,21.85,21.55,21.8,21.55,1.14,20,0.9,    ,    ,    ,    ,    
1731,美吾華,市,2023/12/12,,22.35,-0.05,-0.22,205,4.58,22.4,22.5,22.65,22.25,1.79,18.2,1.48,    ,    ,    ,    ,    
1735,日勝化,市,2023/12/12,,17.15,-0.1,-0.58,11,0.19,17.25,17.25,17.25,17.15,0.58,22.9,1.14,    ,    ,    ,    ,    
1742,台蠟,櫃,2023/12/12,,17.75,-0.15,-0.84,157,2.81,17.9,17.95,18,17.75,1.4,,1.18,    ,    ,    ,    ,    
1776,展宇,市,2023/12/12,,17.25,0.2,1.17,14,0.24,17.05,17.35,17.35,17.1,1.47,123,1.17,    ,    ,    ,    ,    
1781,合世,櫃,2023/12/12,,16.7,0.65,4.05,850,14.2,16.05,16.25,17,16.25,4.67,,2.17,    ,    ,    ,    ,    
1802,台玻,市,2023/12/12,,18.65,0.05,0.27,2066,38.5,18.6,18.8,18.8,18.55,1.34,,1.11,    ,    ,    ,    ,    
1805,寶徠,市,2023/12/12,,12.45,0,0,880,11,12.45,12.45,12.6,12.3,2.41,,1.72,    ,    ,    ,    ,    
1806,冠軍,市,2023/12/12,,10.3,0.05,0.49,1636,16.8,10.25,10.3,10.45,10.05,3.9,,0.74,    ,    ,    ,    ,    
1809,中釉,市,2023/12/12,,15.65,0.05,0.32,653,10.2,15.6,15.7,15.8,15.55,1.6,,0.9,    ,    ,    ,    ,    
1810,和成,市,2023/12/12,,18.15,0.3,1.68,907,16.4,17.85,17.9,18.2,17.8,2.24,,0.83,    ,    ,    ,    ,    
1813,寶利徠,櫃,2023/12/12,,20.6,-0.05,-0.24,37,0.76,20.65,20.65,20.75,20.4,1.69,,1.17,    ,    ,    ,    ,    
1815,富喬,櫃,2023/12/12,,16.45,-0.15,-0.9,6975,115,16.6,16.6,16.8,16.45,2.11,,1.07,    ,    ,    ,    ,    
1905,華紙,市,2023/12/12,,22.7,-0.55,-2.37,3596,82.1,23.25,23.2,23.2,22.7,2.15,,1.65,    ,    ,    ,    ,    
1906,寶隆,市,2023/12/12,,15.5,0.05,0.32,105,1.63,15.45,15.45,15.5,15.4,0.65,81.6,0.54,    ,    ,    ,    ,    
1909,榮成,市,2023/12/12,,14.7,-0.15,-1.01,1064,15.7,14.85,14.85,14.9,14.65,1.68,,0.88,    ,    ,    ,    ,    
2007,燁興,市,2023/12/12,,10.7,-0.15,-1.38,316,3.39,10.85,10.95,10.95,10.65,2.76,,0.93,    ,    ,    ,    ,    
2008,高興昌,市,2023/12/12,,20.95,0.05,0.24,36,0.75,20.9,20.9,21,20.8,0.96,8.84,1.24,    ,    ,    ,    ,    
2010,春源,市,2023/12/12,,17.1,0.05,0.29,510,8.7,17.05,17.15,17.15,17,0.88,15.1,0.97,    ,    ,    ,    ,    
2012,春雨,市,2023/12/12,,23.8,0.5,2.15,75,1.78,23.3,23.3,24.05,23.3,3.22,29,1.56,    ,    ,    ,    ,    
2014,中鴻,市,2023/12/12,,22.9,-0.15,-0.65,3008,68.9,23.05,23.1,23.15,22.8,1.52,,2.06,    ,    ,    ,    ,    
2017,官田鋼,市,2023/12/12,,14.85,-0.35,-2.3,690,10.3,15.2,15.25,15.25,14.85,2.63,,1.2,    ,    ,    ,    ,    
2022,聚亨,市,2023/12/12,,11.55,-0.15,-1.28,633,7.33,11.7,11.75,11.75,11.5,2.14,,1.1,    ,    ,    ,    ,    
2023,燁輝,市,2023/12/12,,16.85,-0.1,-0.59,1229,20.7,16.95,17,17.05,16.8,1.47,,1.07,    ,    ,    ,    ,    
2024,志聯,市,2023/12/12,,20.4,-0.85,-4,35,0.71,21.25,20.3,20.8,20.3,2.35,,1.78,    ,    ,    ,    ,    
2025,千興,市,2023/12/12,,7.02,-0.04,-0.57,2036,14.4,7.06,7.06,7.25,7,3.54,4.33,1.09,    ,    ,    ,    ,    
2028,威致,市,2023/12/12,,23.95,-0.1,-0.42,74,1.77,24.05,24.2,24.2,23.8,1.66,20.8,1.8,    ,    ,    ,    ,    
2030,彰源,市,2023/12/12,,18.5,-0.1,-0.54,303,5.6,18.6,18.6,18.6,18.45,0.81,59.7,1.05,    ,    ,    ,    ,    
2032,新鋼,市,2023/12/12,,16,-0.15,-0.93,68,1.1,16.15,16.15,16.15,16,0.93,,1.25,    ,    ,    ,    ,    
2033,佳大,市,2023/12/12,,15.3,0.1,0.66,70,1.06,15.2,15.1,15.3,15,1.97,,1.21,    ,    ,    ,    ,    
2038,海光,市,2023/12/12,,17.95,-0.1,-0.55,141,2.54,18.05,18.1,18.15,17.9,1.39,32.6,0.92,    ,    ,    ,    ,    
2061,風青,櫃,2023/12/12,,17.05,-0.2,-1.16,29,0.5,17.25,17.2,17.6,17.05,3.19,,1.58,    ,    ,    ,    ,    
2064,晉椿,櫃,2023/12/12,,16.05,-0.05,-0.31,31,0.5,16.1,16.1,16.1,16.05,0.31,,1.05,    ,    ,    ,    ,    
2067,嘉鋼,櫃,2023/12/12,,13.1,0,0,9,0.12,13.1,13.15,13.15,12.75,3.05,,1.5,    ,    ,    ,    ,    
2069,運錩,市,2023/12/12,,16.35,0.05,0.31,136,2.21,16.3,16.3,16.35,16.1,1.53,,0.71,    ,    ,    ,    ,    
2102,泰豐,市,2023/12/12,,19.45,-0.3,-1.52,889,17.4,19.75,19.95,19.95,19.35,3.04,,1.13,    ,    ,    ,    ,    
2103,台橡,市,2023/12/12,,23.7,-0.05,-0.21,407,9.65,23.75,23.75,23.8,23.7,0.42,43.9,0.99,    ,    ,    ,    ,    
2104,國際中橡,市,2023/12/12,,19.45,-0.25,-1.27,1289,25.2,19.7,19.65,19.65,19.45,1.02,,0.55,    ,    ,    ,    ,    
2107,厚生,市,2023/12/12,,23.5,-0.05,-0.21,210,4.93,23.55,23.5,23.55,23.45,0.42,14.8,0.59,    ,    ,    ,    ,    
2109,華豐,市,2023/12/12,,14.55,-0.05,-0.34,141,2.06,14.6,14.55,14.65,14.5,1.03,12.9,1.23,    ,    ,    ,    ,    
2208,台船,市,2023/12/12,,21.35,-0.1,-0.47,1344,28.8,21.45,21.45,21.5,21.3,0.93,,3.19,    ,    ,    ,    ,    
2243,宏旭-KY,市,2023/12/12,,20.8,1.85,9.76,2922,59.6,18.95,19.85,20.8,19.2,8.44,,1.86,    ,    ,    ,    ,    
2302,麗正,市,2023/12/12,,18.3,0,0,188,3.45,18.3,18.25,18.45,18.2,1.37,28.2,1.71,    ,    ,    ,    ,    
2305,全友,市,2023/12/12,,22.65,-0.25,-1.09,300,6.81,22.9,22.85,23.05,22.5,2.4,,2.07,    ,    ,    ,    ,    
2312,金寶,市,2023/12/12,,15.75,-0.25,-1.56,5171,82,16,16.2,16.2,15.7,3.12,32.1,1.13,    ,    ,    ,    ,    
2321,東訊,市,2023/12/12,,15,-0.15,-0.99,16,0.24,15.15,14.35,15.35,14.35,6.6,,2.25,    ,    ,    ,    ,    
2323,中環,市,2023/12/12,,10.75,-0.1,-0.92,7823,84.4,10.85,10.9,10.95,10.7,2.3,13.1,0.66,    ,    ,    ,    ,    
2332,友訊,市,2023/12/12,,19.75,-0.05,-0.25,4402,87.4,19.8,20,20.1,19.65,2.27,14.4,1.28,    ,    ,    ,    ,    
2349,錸德,市,2023/12/12,,8.25,-0.11,-1.32,1252,10.4,8.36,8.39,8.39,8.24,1.79,,1.02,    ,    ,    ,    ,    
2358,廷鑫,市,2023/12/12,,8.92,-0.18,-1.98,2612,23.6,9.1,9.15,9.18,8.92,2.86,,0.82,    ,    ,    ,    ,    
2365,昆盈,市,2023/12/12,,13.45,-0.3,-2.18,10236,139,13.75,13.55,13.9,13.1,5.82,43.4,0.99,    ,    ,    ,    ,    
2367,燿華,市,2023/12/12,,21.05,0.05,0.24,9635,204,21,21.2,21.5,20.9,2.86,,1.38,    ,    ,    ,    ,    
2369,菱生,市,2023/12/12,,22.7,-0.3,-1.3,3909,89.5,23,23.15,23.3,22.7,2.61,,1.55,    ,    ,    ,    ,    
2380,虹光,市,2023/12/12,,6.67,0.12,1.83,369,2.45,6.55,6.54,6.7,6.54,2.44,,1.7,    ,    ,    ,    ,    
2390,云辰,市,2023/12/12,,16.05,-0.35,-2.13,1254,20.3,16.4,16.45,16.5,16.05,2.74,,1.17,    ,    ,    ,    ,    
2399,映泰,市,2023/12/12,,24.05,-0.6,-2.43,4913,119,24.65,24.75,24.9,24,3.65,,1.89,    ,    ,    ,    ,    
2405,輔信,市,2023/12/12,,17.6,0,0,4324,76.4,17.6,17.9,17.9,17.55,1.99,,1.65,    ,    ,    ,    ,    
2406,國碩,市,2023/12/12,,16.25,-0.15,-0.91,793,12.9,16.4,16.45,16.55,16.25,1.83,,1.38,    ,    ,    ,    ,    
2409,友達,市,2023/12/12,,16.2,-0.4,-2.41,27928,455,16.6,16.6,16.65,16.2,2.71,,0.76,    ,    ,    ,    ,    
2426,鼎元,市,2023/12/12,,19.05,0.15,0.79,869,16.6,18.9,18.9,19.25,18.9,1.85,,1.48,    ,    ,    ,    ,    
2429,銘旺科,市,2023/12/12,,18.3,-0.2,-1.08,92,1.68,18.5,18.5,18.5,18.05,2.43,,3.52,    ,    ,    ,    ,    
2431,聯昌,市,2023/12/12,,11.2,0.05,0.45,225,2.51,11.15,11.2,11.2,11.05,1.35,,0.89,    ,    ,    ,    ,    
2438,翔耀,市,2023/12/12,,23,-0.25,-1.08,43,0.99,23.25,23.25,23.25,22.95,1.29,,2.56,    ,    ,    ,    ,    
2440,太空梭,市,2023/12/12,,13.25,-0.05,-0.38,207,2.74,13.3,13.5,13.55,13.1,3.38,,1.39,    ,    ,    ,    ,    
2442,新美齊,市,2023/12/12,,23.4,0.15,0.65,1834,42.7,23.25,23.25,23.7,23,3.01,23.6,1.46,    ,    ,    ,    ,    
2443,昶虹,市,2023/12/12,,3.3,0.3,10,2929,9.58,3,3.2,3.3,3.2,3.33,2.92,0.99,    ,    ,    ,    ,    
2444,兆勁,市,2023/12/12,,13.4,0.1,0.75,189,2.52,13.3,13.3,13.45,13.15,2.26,32.7,1.36,    ,    ,    ,    ,    
2461,光群雷,市,2023/12/12,,22.65,-0.3,-1.31,835,19,22.95,23.1,23.1,22.6,2.18,18.7,1.27,    ,    ,    ,    ,    
2477,美隆電,市,2023/12/12,,21.2,0,0,110,2.33,21.2,21.4,21.4,21,1.89,,0.82,    ,    ,    ,    ,    
2483,百容,市,2023/12/12,,24.8,0.3,1.22,300,7.46,24.5,24.55,25.2,24.45,3.06,49.6,1.05,    ,    ,    ,    ,    
2485,兆赫,市,2023/12/12,,22.2,-0.1,-0.45,2027,45.3,22.3,22.45,22.55,22.2,1.57,92.5,1.13,    ,    ,    ,    ,    
2489,瑞軒,市,2023/12/12,,12.85,0,0,1716,22.1,12.85,12.95,13,12.8,1.56,,0.71,    ,    ,    ,    ,    
2491,吉祥全,市,2023/12/12,,14.2,0,0,83,1.19,14.2,14.65,14.65,14.05,4.23,50.7,1.46,    ,    ,    ,    ,    
2495,普安,市,2023/12/12,,20.3,-0.2,-0.98,531,10.8,20.5,20.6,20.75,20.25,2.44,17.8,1.32,    ,    ,    ,    ,    
2501,國建,市,2023/12/12,,16.3,0.05,0.31,2269,37,16.25,16.25,16.35,16.2,0.92,9.94,0.76,    ,    ,    ,    ,    
2505,國揚,市,2023/12/12,,19,0.05,0.26,133,2.51,18.95,19,19.05,18.85,1.06,65.5,0.74,    ,    ,    ,    ,    
2506,太設,市,2023/12/12,,9.4,0.05,0.53,890,8.35,9.35,9.5,9.5,9.32,1.93,,0.46,    ,    ,    ,    ,    
2509,全坤建,市,2023/12/12,,16.95,-0.1,-0.59,112,1.89,17.05,17.05,17.05,16.8,1.47,,0.91,    ,    ,    ,    ,    
2511,太子,市,2023/12/12,,11.15,-0.05,-0.45,654,7.29,11.2,11.25,11.25,11.1,1.34,22.3,0.71,    ,    ,    ,    ,    
2514,龍邦,市,2023/12/12,,15.95,0.1,0.63,494,7.91,15.85,16.05,16.1,15.9,1.26,11.7,0.52,    ,    ,    ,    ,    
2515,中工,市,2023/12/12,,11.2,0,0,7673,86.3,11.2,11.25,11.35,11.15,1.79,26,0.77,    ,    ,    ,    ,    
2516,新建,市,2023/12/12,,13.75,0.75,5.77,12709,166,13,13.1,14,12.5,11.5,,2,    ,    ,    ,    ,    
2534,宏盛,市,2023/12/12,,20.35,-0.05,-0.25,533,10.9,20.4,20.35,20.55,20.3,1.23,6.59,0.66,    ,    ,    ,    ,    
2537,聯上發,市,2023/12/12,,9.17,-0.04,-0.43,1428,13.1,9.21,9.29,9.29,9.12,1.85,,0.68,    ,    ,    ,    ,    
2538,基泰,市,2023/12/12,,15.6,-0.5,-3.11,3112,48.8,16.1,16.1,16.1,15.6,3.11,14.6,1.11,    ,    ,    ,    ,    
2547,日勝生,市,2023/12/12,,10.15,-0.05,-0.49,2487,25.3,10.2,10.35,10.35,10.05,2.94,,0.83,    ,    ,    ,    ,    
2596,綠意,櫃,2023/12/12,,23.05,0.45,1.99,232,5.33,22.6,22.65,23.2,22.65,2.43,105,1.16,    ,    ,    ,    ,    
2601,益航,市,2023/12/12,,8.97,0.01,0.11,3454,31.1,8.96,9.05,9.14,8.95,2.12,,0.71,    ,    ,    ,    ,    
2610,華航,市,2023/12/12,,21.55,-0.15,-0.69,35806,774,21.7,21.75,22,21.4,2.76,21.1,1.75,    ,    ,    ,    ,    
2611,志信,市,2023/12/12,,16.75,-0.15,-0.89,3041,51.5,16.9,17.15,17.2,16.7,2.96,11.2,1.15,    ,    ,    ,    ,    
2613,中櫃,市,2023/12/12,,22.2,0.1,0.45,182,4.03,22.1,22.3,22.4,22.05,1.58,41.1,0.97,    ,    ,    ,    ,    
2614,東森,市,2023/12/12,,22.6,-0.35,-1.53,1043,23.7,22.95,23.1,23.15,22.6,2.4,,1.83,    ,    ,    ,    ,    
2641,正德,櫃,2023/12/12,,21.5,-0.4,-1.83,12973,282,21.9,21.95,22.2,21.4,3.65,6.96,0.97,    ,    ,    ,    ,    
2701,萬企,市,2023/12/12,,12.8,-0.05,-0.39,173,2.21,12.85,12.85,12.85,12.75,0.78,27.8,0.69,    ,    ,    ,    ,    
2702,華園,市,2023/12/12,,21.05,0.2,0.96,58,1.22,20.85,20.85,21.1,20.85,1.2,9.48,0.99,    ,    ,    ,    ,    
2705,六福,市,2023/12/12,,17.65,-0.1,-0.56,616,10.8,17.75,17.65,17.7,17.4,1.69,,0.71,    ,    ,    ,    ,    
2706,第一店,市,2023/12/12,,15.65,-0.1,-0.63,354,5.54,15.75,15.7,15.7,15.6,0.63,30.1,0.79,    ,    ,    ,    ,    
2724,富驛-KY,櫃,2023/12/12,,13.5,0,0,5,0.07,13.5,13.5,13.5,13.5,0,,3.38,    ,    ,    ,    ,    
2801,彰銀,市,2023/12/12,,18,0.05,0.28,5341,95.9,17.95,18,18,17.9,0.56,15.4,1.08,    ,    ,    ,    ,    
2812,台中銀,市,2023/12/12,,16.5,0.05,0.3,5856,96.4,16.45,16.5,16.6,16.4,1.22,13.6,1.18,    ,    ,    ,    ,    
2820,華票,市,2023/12/12,,14.9,-0.05,-0.33,452,6.73,14.95,14.95,14.95,14.85,0.67,16.6,0.86,    ,    ,    ,    ,    
2832,台產,市,2023/12/12,,25,0.05,0.2,242,6.04,24.95,24.95,25,24.9,0.4,10,0.83,    ,    ,    ,    ,    
2834,臺企銀,市,2023/12/12,,13.7,0,0,8540,117,13.7,13.75,13.75,13.65,0.73,9.86,0.98,    ,    ,    ,    ,    
2836,高雄銀,市,2023/12/12,,12.3,0,0,638,7.84,12.3,12.3,12.3,12.25,0.41,18.1,0.91,    ,    ,    ,    ,    
2836A,高雄銀甲特,市,2023/12/12,,21.1,-0.05,-0.24,10,0.21,21.15,21.1,21.1,21.1,0,,,    ,    ,    ,    ,    
2838,聯邦銀,市,2023/12/12,,14.1,0.05,0.36,1628,22.9,14.05,14.05,14.15,14.05,0.71,12.7,0.85,    ,    ,    ,    ,    
2845,遠東銀,市,2023/12/12,,12.6,0.1,0.8,3490,43.9,12.5,12.65,12.65,12.5,1.2,11.2,0.89,    ,    ,    ,    ,    
2849,安泰銀,市,2023/12/12,,14.9,0.1,0.68,66,0.98,14.8,14.75,14.9,14.75,1.01,135,0.89,    ,    ,    ,    ,    
2851,中再保,市,2023/12/12,,22.8,-0.05,-0.22,670,15.3,22.85,22.9,22.9,22.8,0.44,10.7,1,    ,    ,    ,    ,    
2852,第一保,市,2023/12/12,,18.3,-0.15,-0.81,311,5.7,18.45,18.4,18.45,18.3,0.81,10.3,0.7,    ,    ,    ,    ,    
2855,統一證,市,2023/12/12,,19.3,0.1,0.52,718,13.8,19.2,19.2,19.3,19.2,0.52,10.5,0.89,    ,    ,    ,    ,    
2867,三商壽,市,2023/12/12,,5.07,0,0,6228,31.5,5.07,5.08,5.08,5.05,0.59,,0.61,    ,    ,    ,    ,    
2880,華南金,市,2023/12/12,,22.2,0,0,5736,127,22.2,22.25,22.25,22.1,0.68,14.9,1.55,    ,    ,    ,    ,    
2883,開發金,市,2023/12/12,,12.25,-0.1,-0.81,29075,358,12.35,12.4,12.4,12.25,1.21,15.1,0.96,    ,    ,    ,    ,    
2883B,開發金乙特,市,2023/12/12,,7.11,0,0,1013,7.19,7.11,7.11,7.13,7.09,0.56,,,    ,    ,    ,    ,    
2887,台新金,市,2023/12/12,,18,0,0,11165,201,18,18.05,18.05,17.9,0.83,13.7,1.17,    ,    ,    ,    ,    
2887Z1,台新己特,市,2023/12/12,,17,0,0,3,0.05,17,17,17,17,0,,,    ,    ,    ,    ,    
2888,新光金,市,2023/12/12,,8.68,-0.03,-0.34,28996,251,8.71,8.75,8.75,8.63,1.38,,0.59,    ,    ,    ,    ,    
2889,國票金,市,2023/12/12,,11.4,0,0,5810,66.3,11.4,11.45,11.5,11.4,0.88,23.3,1,    ,    ,    ,    ,    
2890,永豐金,市,2023/12/12,,19.75,0.2,1.02,25299,497,19.55,19.6,19.75,19.45,1.53,12.8,1.37,    ,    ,    ,    ,    
2897,王道銀行,市,2023/12/12,,9.93,0,0,3990,40,9.93,9.92,9.94,9.86,0.81,5.25,0.76,    ,    ,    ,    ,    
2897A,王道銀甲特,市,2023/12/12,,10.3,-0.05,-0.48,5,0.05,10.35,10.3,10.3,10.3,0,,,    ,    ,    ,    ,    
2903,遠百,市,2023/12/12,,24.55,0.35,1.45,3008,73.7,24.2,24.2,24.65,24.2,1.86,12.2,1.08,    ,    ,    ,    ,    
2904,匯僑,市,2023/12/12,,18.9,-0.15,-0.79,146,2.75,19.05,19,19,18.85,0.79,17.2,1.21,    ,    ,    ,    ,    
2905,三商,市,2023/12/12,,13.2,-0.15,-1.12,2101,27.8,13.35,13.2,13.4,13.1,2.25,,0.82,    ,    ,    ,    ,    
2906,高林,市,2023/12/12,,18.2,0.15,0.83,510,9.28,18.05,18.3,18.35,18.1,1.39,50.6,1.16,    ,    ,    ,    ,    
2908,特力,市,2023/12/12,,20.9,0.25,1.21,289,6.02,20.65,20.8,21.05,20.65,1.94,49.8,1.56,    ,    ,    ,    ,    
2911,麗嬰房,市,2023/12/12,,6.69,0.01,0.15,149,0.99,6.68,6.68,6.7,6.65,0.75,,1.27,    ,    ,    ,    ,    
2913,農林,市,2023/12/12,,21.4,-0.4,-1.83,3263,70.2,21.8,21.75,21.75,21.35,1.83,,1.32,    ,    ,    ,    ,    
2929,淘帝-KY,市,2023/12/12,,12.5,-0.5,-3.85,749,9.57,13,13,13.2,12.5,5.38,,0.47,    ,    ,    ,    ,    
3002,歐格,市,2023/12/12,,13.45,-0.3,-2.18,409,5.56,13.75,13.75,13.8,13.45,2.55,84.1,1.05,    ,    ,    ,    ,    
3018,隆銘綠能,市,2023/12/12,,13.8,0,0,13,0.18,13.8,13.6,13.8,13.6,1.45,,11.5,    ,    ,    ,    ,    
3021,鴻名,市,2023/12/12,,20.9,-0.1,-0.48,142,2.97,21,21.1,21.1,20.8,1.43,16.1,1.3,    ,    ,    ,    ,    
3024,憶聲,市,2023/12/12,,17.25,-0.25,-1.43,1344,23.3,17.5,17.5,17.65,17.2,2.57,45.4,1.67,    ,    ,    ,    ,    
3031,佰鴻,市,2023/12/12,,18.45,0.05,0.27,170,3.14,18.4,18.5,18.55,18.3,1.36,19.8,1.07,    ,    ,    ,    ,    
3047,訊舟,市,2023/12/12,,15.5,-0.1,-0.64,1183,18.5,15.6,15.7,15.8,15.45,2.24,81.6,1.3,    ,    ,    ,    ,    
3048,益登,市,2023/12/12,,24.6,0.05,0.2,538,13.2,24.55,24.6,24.7,24.2,2.04,164,1.27,    ,    ,    ,    ,    
3049,精金,市,2023/12/12,,9.7,-0.15,-1.52,1431,14,9.85,9.86,9.88,9.7,1.83,,0.84,    ,    ,    ,    ,    
3050,鈺德,市,2023/12/12,,17.65,-0.1,-0.56,1462,26.1,17.75,17.75,18.1,17.6,2.82,19.4,1.07,    ,    ,    ,    ,    
3052,夆典,市,2023/12/12,,11.6,0.05,0.43,281,3.25,11.55,11.55,11.6,11.5,0.87,10.6,0.72,    ,    ,    ,    ,    
3054,立萬利,市,2023/12/12,,20.2,-0.1,-0.49,7,0.14,20.3,20.3,20.3,20.05,1.23,,2.12,    ,    ,    ,    ,    
3057,喬鼎,市,2023/12/12,,12.1,-0.25,-2.02,237,2.89,12.35,12.45,12.45,12.05,3.24,,1.36,    ,    ,    ,    ,    
3058,立德,市,2023/12/12,,20.8,0,0,472,9.77,20.8,20.95,20.95,20.6,1.68,104,2.18,    ,    ,    ,    ,    
3060,銘異,市,2023/12/12,,20.9,-0.25,-1.18,823,17.3,21.15,21.4,21.4,20.8,2.84,,1.09,    ,    ,    ,    ,    
3062,建漢,市,2023/12/12,,22.15,-0.35,-1.56,2218,49.4,22.5,22.6,22.6,22.1,2.22,,1.5,    ,    ,    ,    ,    
3064,泰偉,櫃,2023/12/12,,11.7,0,0,10,0.12,11.7,11.7,11.7,11.7,0,,4.92,    ,    ,    ,    ,    
3066,李洲,櫃,2023/12/12,,17.25,0.1,0.58,18,0.32,17.15,17.1,17.25,17,1.46,16.3,1.33,    ,    ,    ,    ,    
3085,新零售,櫃,2023/12/12,,11.45,0.15,1.33,27,0.31,11.3,11.35,11.5,11.15,3.1,,2.41,    ,    ,    ,    ,    
3115,富榮綱,櫃,2023/12/12,,10.8,0.2,1.89,25,0.27,10.6,10.6,10.95,10.6,3.3,,2.2,    ,    ,    ,    ,    
3149,正達,市,2023/12/12,,23.15,-0.6,-2.53,484,11.3,23.75,23.7,23.8,23.15,2.74,,2.35,    ,    ,    ,    ,    
3164,景岳,市,2023/12/12,,24.45,0.15,0.62,15,0.37,24.3,24.3,24.45,24.25,0.82,42.9,1.59,    ,    ,    ,    ,    
3171,新洲,櫃,2023/12/12,,20.65,0.15,0.73,299,6.21,20.5,20.7,21.1,20.55,2.68,8.75,1.32,    ,    ,    ,    ,    
3188,鑫龍騰,櫃,2023/12/12,,16,-0.05,-0.31,527,8.45,16.05,16,16.15,15.95,1.25,21.6,1.28,    ,    ,    ,    ,    
3191,和進,櫃,2023/12/12,,12.7,-0.1,-0.78,365,4.81,12.8,12.95,13.7,12.65,8.2,,4.36,    ,    ,    ,    ,    
3202,樺晟,櫃,2023/12/12,,15.5,-0.2,-1.27,687,10.7,15.7,15.6,15.75,15.4,2.23,,1.63,    ,    ,    ,    ,    
3229,晟鈦,市,2023/12/12,,16.1,-0.2,-1.23,142,2.29,16.3,16.3,16.3,16.05,1.53,,1.64,    ,    ,    ,    ,    
3230,錦明,櫃,2023/12/12,,9.9,-0.1,-1,76,0.75,10,9.81,10,9.81,1.9,,1.16,    ,    ,    ,    ,    
3232,昱捷,櫃,2023/12/12,,23.35,-0.05,-0.21,44,1.04,23.4,23.5,23.5,23.2,1.28,45.8,1.54,    ,    ,    ,    ,    
3236,千如,櫃,2023/12/12,,23.25,-0.05,-0.21,132,3.08,23.3,23.4,23.5,23.2,1.29,22.1,1.41,    ,    ,    ,    ,    
3252,海灣,櫃,2023/12/12,,21.3,0.05,0.24,60,1.28,21.25,21.35,21.35,21.1,1.18,,0.54,    ,    ,    ,    ,    
3266,昇陽,市,2023/12/12,,19.8,-1.35,-6.38,6292,129,21.15,21.6,21.9,19.8,9.93,17.4,1.23,    ,    ,    ,    ,    
3276,宇環,櫃,2023/12/12,,24.15,-1.1,-4.36,3606,87.7,25.25,25.3,25.5,23.65,7.33,39.6,2.13,    ,    ,    ,    ,    
3284,太普高,櫃,2023/12/12,,17.95,-0.05,-0.28,127,2.28,18,18.2,18.2,17.75,2.5,28,1.56,    ,    ,    ,    ,    
3288,點晶,櫃,2023/12/12,,23.95,2.15,9.86,140,3.35,21.8,23.6,23.95,23,4.36,,3.5,    ,    ,    ,    ,    
3294,英濟,櫃,2023/12/12,,19.45,0.15,0.78,201,3.91,19.3,19.3,19.6,19.3,1.55,,1.17,    ,    ,    ,    ,    
3296,勝德,市,2023/12/12,,17.5,0.6,3.55,1082,18.7,16.9,17,17.6,16.95,3.85,,1.44,    ,    ,    ,    ,    
3297,杭特,櫃,2023/12/12,,17.5,-0.05,-0.28,40,0.7,17.55,17.55,17.6,17.5,0.57,,1.1,    ,    ,    ,    ,    
3312,弘憶股,市,2023/12/12,,22,0.5,2.33,966,21.2,21.5,21.55,22.1,21.55,2.56,9.69,1.34,    ,    ,    ,    ,    
3313,斐成,櫃,2023/12/12,,11.65,-0.15,-1.27,239,2.82,11.8,11.8,11.95,11.65,2.54,,1.39,    ,    ,    ,    ,    
3321,同泰,市,2023/12/12,,14.6,-0.35,-2.34,339,4.97,14.95,14.65,14.9,14.5,2.68,,2.26,    ,    ,    ,    ,    
3322,建舜電,櫃,2023/12/12,,22.9,-0.35,-1.51,1302,29.9,23.25,23.25,23.25,22.85,1.72,26,1.75,    ,    ,    ,    ,    
3339,泰谷,櫃,2023/12/12,,18.6,-0.4,-2.11,247,4.6,19,19,19,18.45,2.89,50.3,1.51,    ,    ,    ,    ,    
3349,寶德,櫃,2023/12/12,,17.2,0,0,5,0.09,17.2,17,17.2,16.9,1.74,,1.88,    ,    ,    ,    ,    
3354,律勝,櫃,2023/12/12,,15.35,-0.25,-1.6,317,4.88,15.6,15.7,15.7,15,4.49,,1.14,    ,    ,    ,    ,    
3360,尚立,櫃,2023/12/12,,12.7,-0.4,-3.05,382,4.96,13.1,13.1,13.3,12.7,4.58,,1.05,    ,    ,    ,    ,    
3372,典範,櫃,2023/12/12,,15.3,0,0,999,15.2,15.3,15.4,15.45,15.05,2.61,,1.39,    ,    ,    ,    ,    
3379,彬台,櫃,2023/12/12,,15.75,0.75,5,696,11,15,15.3,16.25,15.3,6.33,,1.14,    ,    ,    ,    ,    
3419,譁裕,市,2023/12/12,,18.15,-0.15,-0.82,513,9.36,18.3,18.35,18.5,18.15,1.91,,1.54,    ,    ,    ,    ,    
3432,台端,市,2023/12/12,,10.95,0,0,32,0.35,10.95,10.9,11,10.9,0.91,,1.64,    ,    ,    ,    ,    
3466,德晉,櫃,2023/12/12,,22.8,-0.35,-1.51,114,2.62,23.15,23.2,23.2,22.8,1.73,,1.39,    ,    ,    ,    ,    
3481,群創,市,2023/12/12,,12.6,-0.4,-3.08,69467,880,13,12.9,12.95,12.5,3.46,,0.49,    ,    ,    ,    ,    
3489,森寶,櫃,2023/12/12,,14.3,0.15,1.06,536,7.64,14.15,14.2,14.4,14.15,1.77,27.5,0.93,    ,    ,    ,    ,    
3490,單井,櫃,2023/12/12,,23,-0.15,-0.65,250,5.75,23.15,23.15,23.2,22.95,1.08,19.3,1.01,    ,    ,    ,    ,    
3492,長盛,櫃,2023/12/12,,19.35,-0.2,-1.02,37,0.72,19.55,19.6,19.6,19.35,1.28,23.9,1.18,    ,    ,    ,    ,    
3494,誠研,市,2023/12/12,,6.87,0.02,0.29,73,0.5,6.85,6.85,6.93,6.78,2.19,,1.78,    ,    ,    ,    ,    
3499,環天科,櫃,2023/12/12,,22,-0.8,-3.51,2304,50.7,22.8,23,23.1,21.4,7.46,,2.23,    ,    ,    ,    ,    
3516,亞帝歐,櫃,2023/12/12,,19.05,-0.6,-3.05,673,13.1,19.65,19.65,20.1,18.85,6.36,24.4,0.74,    ,    ,    ,    ,    
3520,華盈,櫃,2023/12/12,,17.15,-0.2,-1.15,148,2.56,17.35,17.5,17.5,17.15,2.02,156,1.47,    ,    ,    ,    ,    
3521,鴻翊,櫃,2023/12/12,,18,-0.05,-0.28,139,2.5,18.05,17.6,18.1,17.6,2.77,,1.97,    ,    ,    ,    ,    
3522,御頂,櫃,2023/12/12,,20,-1,-4.76,418,8.49,21,20.4,20.9,20,4.29,,3.03,    ,    ,    ,    ,    
3523,迎輝,櫃,2023/12/12,,17,-0.2,-1.16,22,0.38,17.2,17.2,17.2,16.7,2.91,,1.78,    ,    ,    ,    ,    
3535,晶彩科,市,2023/12/12,,18.8,-0.05,-0.27,149,2.79,18.85,19,19,18.65,1.86,60.6,1.29,    ,    ,    ,    ,    
3543,州巧,市,2023/12/12,,23.2,-0.15,-0.64,115,2.7,23.35,23.6,23.6,23.1,2.14,33.6,0.73,    ,    ,    ,    ,    
3550,聯穎,市,2023/12/12,,14.75,-0.05,-0.34,43,0.63,14.8,14.8,14.85,14.7,1.01,,0.71,    ,    ,    ,    ,    
3576,聯合再生,市,2023/12/12,,14.45,-0.1,-0.69,2951,42.7,14.55,14.6,14.65,14.4,1.72,,1.58,    ,    ,    ,    ,    
3593,力銘,市,2023/12/12,,11.4,-0.05,-0.44,29,0.33,11.45,11.5,11.5,11.15,3.06,,2.18,    ,    ,    ,    ,    
3597,映興,櫃,2023/12/12,,21.35,0.15,0.71,31,0.67,21.2,21.45,21.45,21.2,1.18,28.5,1.47,    ,    ,    ,    ,    
3607,谷崧,市,2023/12/12,,16.8,-0.3,-1.75,2345,39.5,17.1,17,17.35,16.6,4.39,,1.1,    ,    ,    ,    ,    
3615,安可,櫃,2023/12/12,,24.5,-0.25,-1.01,540,13.3,24.75,24.85,25.15,24.3,3.43,31.4,0.73,    ,    ,    ,    ,    
3625,西勝,櫃,2023/12/12,,16.35,0.15,0.93,212,3.49,16.2,16.8,16.8,16.3,3.09,,2.16,    ,    ,    ,    ,    
3632,研勤,櫃,2023/12/12,,14.1,0.05,0.36,31,0.44,14.05,14.05,14.15,14.05,0.71,157,3.85,    ,    ,    ,    ,    
3664,安瑞-KY,櫃,2023/12/12,,23.05,-0.5,-2.12,79,1.85,23.55,24,24,23.05,4.03,,4.54,    ,    ,    ,    ,    
3685,元創精密,櫃,2023/12/12,,22.25,0.2,0.91,32,0.71,22.05,22.1,22.4,22.1,1.36,,2.04,    ,    ,    ,    ,    
3686,達能,市,2023/12/12,,13.55,-0.25,-1.81,251,3.43,13.8,13.95,13.95,13.5,3.26,,1.46,    ,    ,    ,    ,    
3710,連展投控,櫃,2023/12/12,,10.5,-0.2,-1.87,1201,12.7,10.7,10.85,10.85,10.45,3.74,,1.66,    ,    ,    ,    ,    
4108,懷特,市,2023/12/12,,21.7,-0.3,-1.36,536,11.7,22,22,22.05,21.7,1.59,,2.24,    ,    ,    ,    ,    
4109,加捷生醫,櫃,2023/12/12,,15.55,-0.1,-0.64,482,7.54,15.65,15.65,15.85,15.4,2.88,,1.55,    ,    ,    ,    ,    
4127,天良,櫃,2023/12/12,,14.3,0,0,109,1.56,14.3,14.3,14.4,14.25,1.05,25.1,1.35,    ,    ,    ,    ,    
4131,浩泰,櫃,2023/12/12,,23,0,0,19,0.43,23,22.95,23,22.95,0.22,,2.44,    ,    ,    ,    ,    
4154,樂威科-KY,櫃,2023/12/12,,14.55,0.15,1.04,31,0.45,14.4,14.4,14.85,14.25,4.17,,2.19,    ,    ,    ,    ,    
4157,太景*-KY,櫃,2023/12/12,,15.25,-0.15,-0.97,1357,20.7,15.4,15.55,15.55,15.2,2.27,,12,    ,    ,    ,    ,    
4167,松瑞藥,櫃,2023/12/12,,22.1,-0.45,-2,6943,153,22.55,22.45,22.5,21.9,2.66,,2.12,    ,    ,    ,    ,    
4173,久裕,櫃,2023/12/12,,22,-0.25,-1.12,238,5.29,22.25,22.25,22.55,22,2.47,23.9,0.8,    ,    ,    ,    ,    
4198,欣大健康,櫃,2023/12/12,,24.15,0,0,2,0.04,24.15,24.15,24.15,24.15,0,,4.09,    ,    ,    ,    ,    
4207,環泰,櫃,2023/12/12,,17.3,0.1,0.58,575,9.95,17.2,17.4,17.4,17.2,1.16,17.5,1.36,    ,    ,    ,    ,    
4303,信立,櫃,2023/12/12,,19.45,-0.05,-0.26,36,0.71,19.5,19.5,19.55,19.45,0.51,31.9,1.48,    ,    ,    ,    ,    
4304,勝昱,櫃,2023/12/12,,8,-0.02,-0.25,51,0.41,8.02,8.11,8.29,7.87,5.24,,1.55,    ,    ,    ,    ,    
4306,炎洲,市,2023/12/12,,17.95,0,0,3229,58.1,17.95,18.1,18.15,17.7,2.51,13.5,0.95,    ,    ,    ,    ,    
4402,福大,櫃,2023/12/12,,11.5,0.15,1.32,245,2.8,11.35,11.3,11.5,11.3,1.76,,1.97,    ,    ,    ,    ,    
4406,新昕纖,櫃,2023/12/12,,10.15,0.05,0.5,120,1.21,10.1,10.05,10.15,10.05,0.99,,0.78,    ,    ,    ,    ,    
4413,飛寶企業,櫃,2023/12/12,,24.75,-0.05,-0.2,373,9.35,24.8,24.75,26,24.3,6.85,35.9,2.14,    ,    ,    ,    ,    
4414,如興,市,2023/12/12,,3.59,-0.14,-3.75,2265,8.25,3.73,3.73,3.73,3.59,3.75,,0.81,    ,    ,    ,    ,    
4426,利勤,市,2023/12/12,,21.3,-0.6,-2.74,472,10.2,21.9,22.2,22.2,21.25,4.34,96.8,1.34,    ,    ,    ,    ,    
4430,耀億,櫃,2023/12/12,,21.1,-0.15,-0.71,42,0.89,21.25,21.25,21.25,20.95,1.41,,0.62,    ,    ,    ,    ,    
4432,銘旺實,櫃,2023/12/12,,24.25,-0.15,-0.61,152,3.67,24.4,24.55,24.6,24,2.46,11,0.9,    ,    ,    ,    ,    
4510,高鋒,櫃,2023/12/12,,16.2,-0.25,-1.52,349,5.73,16.45,16.5,16.6,16.2,2.43,19.5,0.92,    ,    ,    ,    ,    
4513,福裕,櫃,2023/12/12,,18.65,0.05,0.27,65,1.22,18.6,18.6,18.85,18.6,1.34,13.6,1.45,    ,    ,    ,    ,    
4526,東台,市,2023/12/12,,19.1,0.55,2.96,515,9.73,18.55,18.9,19.15,18.5,3.5,,0.96,    ,    ,    ,    ,    
4529,淳紳,櫃,2023/12/12,,9.67,0,0,100,0.96,9.67,9.78,9.78,9.58,2.07,,1.64,    ,    ,    ,    ,    
4530,宏易,櫃,2023/12/12,,6.68,0.13,1.98,3,0.02,6.55,6.5,6.68,6.5,2.75,,1.66,    ,    ,    ,    ,    
4532,瑞智,市,2023/12/12,,21.75,0.05,0.23,2208,48.2,21.7,21.7,22.1,21.55,2.53,15.5,1.11,    ,    ,    ,    ,    
4534,慶騰,櫃,2023/12/12,,10.05,0.06,0.6,61,0.6,9.99,9.88,10.05,9.88,1.7,,1.26,    ,    ,    ,    ,    
4538,大詠城,櫃,2023/12/12,,18.7,0,0,41,0.76,18.7,18.7,18.8,18.6,1.07,14.4,1.25,    ,    ,    ,    ,    
4562,穎漢,市,2023/12/12,,15.5,0.1,0.65,105,1.61,15.4,15.4,15.5,15.35,0.97,,1.24,    ,    ,    ,    ,    
4564,元翎,市,2023/12/12,,23.95,0.05,0.21,484,11.6,23.9,24,24.1,23.85,1.05,,1.1,    ,    ,    ,    ,    
4577,達航科技,櫃,2023/12/12,,23.9,-2.25,-8.6,519,12.6,26.15,25,25,23.9,4.21,,0.95,    ,    ,    ,    ,    
4609,唐鋒,櫃,2023/12/12,,5.79,-0.03,-0.52,7,0.04,5.82,5.82,5.82,5.79,0.52,,1.56,    ,    ,    ,    ,    
4702,中美實,櫃,2023/12/12,,13,0.1,0.78,364,4.69,12.9,12.9,13,12.85,1.16,14.9,0.78,    ,    ,    ,    ,    
4707,磐亞,櫃,2023/12/12,,12.7,-0.1,-0.78,428,5.46,12.8,12.8,12.85,12.7,1.17,13.4,0.84,    ,    ,    ,    ,    
4711,永純,櫃,2023/12/12,,16.25,0,0,49,0.8,16.25,16.25,16.25,16.2,0.31,108,0.94,    ,    ,    ,    ,    
4712,南璋,櫃,2023/12/12,,2.71,0.05,1.88,126,0.33,2.66,2.66,2.71,2.6,4.14,,3.82,    ,    ,    ,    ,    
4714,永捷,櫃,2023/12/12,,13.7,0.1,0.74,1093,15.1,13.6,13.85,13.95,13.7,1.84,,1.28,    ,    ,    ,    ,    
4716,大立,櫃,2023/12/12,,12.95,-0.05,-0.38,134,1.74,13,13.15,13.2,12.95,1.92,,1.05,    ,    ,    ,    ,    
4720,德淵,市,2023/12/12,,15.95,0.3,1.92,1235,19.7,15.65,16.05,16.05,15.75,1.92,21.3,1.2,    ,    ,    ,    ,    
4729,熒茂,櫃,2023/12/12,,15.55,-0.15,-0.96,64,1,15.7,15.7,15.75,15.5,1.59,27.8,1.06,    ,    ,    ,    ,    
4804,大略-KY,櫃,2023/12/12,,4.4,0.02,0.46,63,0.28,4.38,4.25,4.5,4.25,5.71,,1.31,    ,    ,    ,    ,    
4806,昇華,櫃,2023/12/12,,14.5,-1.45,-9.09,372,5.45,15.95,15.95,15.95,14.5,9.09,,9.86,    ,    ,    ,    ,    
4807,日成-KY,市,2023/12/12,,16.8,-0.5,-2.89,40,0.67,17.3,17.05,17.05,16.75,1.73,,0.86,    ,    ,    ,    ,    
4903,聯光通,櫃,2023/12/12,,16.9,0,0,35,0.6,16.9,16.9,16.9,16.8,0.59,,1.91,    ,    ,    ,    ,    
4924,欣厚-KY,櫃,2023/12/12,,11.55,-0.2,-1.7,17,0.2,11.75,11.6,11.6,11.5,0.85,,1.2,    ,    ,    ,    ,    
4939,亞電,櫃,2023/12/12,,20.65,-0.1,-0.48,1995,42,20.75,20.8,21.6,20.45,5.54,76.5,1.3,    ,    ,    ,    ,    
4943,康控-KY,市,2023/12/12,,15.15,-0.45,-2.88,20,0.3,15.6,14.6,15.6,14.6,6.41,,50.5,    ,    ,    ,    ,    
4956,光鋐,市,2023/12/12,,16.3,-0.2,-1.21,356,5.83,16.5,16.6,16.6,16.25,2.12,,0.91,    ,    ,    ,    ,    
4960,誠美材,市,2023/12/12,,13.05,-0.05,-0.38,3883,50.5,13.1,13.1,13.15,12.85,2.29,,0.79,    ,    ,    ,    ,    
5014,建錩,櫃,2023/12/12,,14.15,-0.05,-0.35,112,1.59,14.2,14.2,14.3,14.15,1.06,50.5,0.82,    ,    ,    ,    ,    
5202,力新,櫃,2023/12/12,,16.55,-0.45,-2.65,329,5.5,17,16.9,17,16.55,2.65,1655,1.5,    ,    ,    ,    ,    
5205,中茂,櫃,2023/12/12,,24.7,-0.85,-3.33,1,0.03,25.55,24.7,24.7,24.7,0,,4.39,    ,    ,    ,    ,    
5206,坤悅,櫃,2023/12/12,,24.6,0,0,82,2.01,24.6,24.5,24.8,24.5,1.22,25.4,1.36,    ,    ,    ,    ,    
5211,蒙恬,櫃,2023/12/12,,22.7,-0.15,-0.66,39,0.89,22.85,22.75,22.75,22.55,0.88,,1.75,    ,    ,    ,    ,    
5228,鈺鎧,櫃,2023/12/12,,22,-0.05,-0.23,11,0.24,22.05,22.05,22.1,22,0.45,,1.34,    ,    ,    ,    ,    
5251,天鉞電,櫃,2023/12/12,,19.1,-0.05,-0.26,34,0.65,19.15,19.15,19.15,19.05,0.52,,1.57,    ,    ,    ,    ,    
5276,達輝-KY,櫃,2023/12/12,,13.9,0.4,2.96,1,0.01,13.5,13.9,13.9,13.9,0,,1.07,    ,    ,    ,    ,    
5301,寶得利,櫃,2023/12/12,,10.95,-0.15,-1.35,13,0.14,11.1,11,11,10.9,0.9,,2.23,    ,    ,    ,    ,    
5302,太欣,櫃,2023/12/12,,11.9,0.1,0.85,539,6.49,11.8,12,12.25,11.9,2.97,,1.43,    ,    ,    ,    ,    
5310,天剛,櫃,2023/12/12,,21.65,-0.15,-0.69,5,0.12,21.8,21.6,21.65,21.6,0.23,,3.54,    ,    ,    ,    ,    
5315,光聯,櫃,2023/12/12,,18.3,0,0,203,3.73,18.3,18.35,18.4,18.25,0.82,13.4,1.26,    ,    ,    ,    ,    
5324,士開,櫃,2023/12/12,,13.1,0.8,6.5,4890,60.4,12.3,12.25,13.1,11.95,9.35,,2.15,    ,    ,    ,    ,    
5328,華容,櫃,2023/12/12,,16.35,-0.8,-4.66,5336,88.6,17.15,17.2,17.3,16.35,5.54,29.2,1.56,    ,    ,    ,    ,    
5344,立衛,櫃,2023/12/12,,22.5,1.25,5.88,472,10.4,21.25,21.4,22.65,21.4,5.88,,3.67,    ,    ,    ,    ,    
5345,天揚,櫃,2023/12/12,,13.2,0.35,2.72,3,0.04,12.85,12.85,13.2,12.85,2.72,,2.6,    ,    ,    ,    ,    
5348,正能量智能,櫃,2023/12/12,,21.9,0.2,0.92,102,2.23,21.7,22,22.3,21.8,2.3,78.2,4.29,    ,    ,    ,    ,    
5355,佳總,櫃,2023/12/12,,9.47,-0.13,-1.35,3344,32.7,9.6,9.96,10.2,9.11,11.4,,1.37,    ,    ,    ,    ,    
5398,慕康生醫,櫃,2023/12/12,,13.25,-0.05,-0.38,17,0.23,13.3,13.15,13.25,13.1,1.13,,1.27,    ,    ,    ,    ,    
5426,振發,櫃,2023/12/12,,22.95,2.05,9.81,30880,678,20.9,21.8,22.95,21,9.33,67.5,1.55,    ,    ,    ,    ,    
5438,東友,櫃,2023/12/12,,17.15,0,0,26,0.44,17.15,17.15,17.2,17.15,0.29,107,0.74,    ,    ,    ,    ,    
5450,南良,櫃,2023/12/12,,18.15,-0.05,-0.27,8,0.15,18.2,18.25,18.25,18.15,0.55,,1.34,    ,    ,    ,    ,    
5452,佶優,櫃,2023/12/12,,24.5,0,0,1930,46.9,24.5,24.65,24.7,24,2.86,90.7,1.78,    ,    ,    ,    ,    
5460,同協,櫃,2023/12/12,,14.45,-0.05,-0.34,159,2.31,14.5,14.7,14.7,14.35,2.41,,1.17,    ,    ,    ,    ,    
5468,凱鈺,櫃,2023/12/12,,18.1,-0.15,-0.82,48,0.87,18.25,18.25,18.3,17.95,1.92,,2.05,    ,    ,    ,    ,    
5475,德宏,櫃,2023/12/12,,12.6,-0.2,-1.56,378,4.78,12.8,12.8,12.8,12.55,1.95,,1.66,    ,    ,    ,    ,    
5481,新華,櫃,2023/12/12,,13.1,-0.15,-1.13,110,1.45,13.25,13.25,13.25,13.1,1.13,,0.69,    ,    ,    ,    ,    
5484,慧友,市,2023/12/12,,22.4,0.1,0.45,100,2.21,22.3,22.2,22.4,22,1.79,,2.42,    ,    ,    ,    ,    
5488,松普,櫃,2023/12/12,,11.25,-0.05,-0.44,442,5.01,11.3,11.4,11.5,11.25,2.21,18.4,1.08,    ,    ,    ,    ,    
5490,同亨,櫃,2023/12/12,,22.15,-0.3,-1.34,91,2.03,22.45,22.4,22.5,22.1,1.78,,1.72,    ,    ,    ,    ,    
5498,凱崴,櫃,2023/12/12,,10.95,0.05,0.46,366,4.01,10.9,10.95,11,10.85,1.38,11,0.99,    ,    ,    ,    ,    
5512,力麒,櫃,2023/12/12,,9.75,-0.15,-1.52,1356,13.3,9.9,9.86,9.9,9.72,1.82,40.6,0.53,    ,    ,    ,    ,    
5514,三豐,櫃,2023/12/12,,20.2,0.05,0.25,2,0.04,20.15,20.15,20.2,20.15,0.25,,1.51,    ,    ,    ,    ,    
5515,建國,市,2023/12/12,,16.4,0.7,4.46,3289,52.4,15.7,15.9,16.8,15.45,8.6,13,0.84,    ,    ,    ,    ,    
5516,雙喜,櫃,2023/12/12,,19.95,-0.05,-0.25,54,1.07,20,20,20,19.8,1,,1.56,    ,    ,    ,    ,    
5521,工信,市,2023/12/12,,13.5,0.45,3.45,106369,1425,13.05,13.25,14.1,12.7,10.7,79.4,1.24,    ,    ,    ,    ,    
5529,鉅陞,櫃,2023/12/12,,19.5,-0.15,-0.76,43,0.85,19.65,19.8,19.8,19.45,1.78,,1.63,    ,    ,    ,    ,    
5531,鄉林,市,2023/12/12,,10.5,-0.25,-2.33,795,8.43,10.75,10.8,10.85,10.5,3.26,,0.98,    ,    ,    ,    ,    
5533,皇鼎,市,2023/12/12,,23.35,0.45,1.97,1666,39,22.9,23,23.7,23,3.06,8.22,0.7,    ,    ,    ,    ,    
5603,陸海,櫃,2023/12/12,,22.3,0.2,0.9,307,6.8,22.1,22.4,22.4,22,1.81,12.1,1.29,    ,    ,    ,    ,    
5608,四維航,市,2023/12/12,,21.65,-0.35,-1.59,4767,104,22,22.15,22.25,21.55,3.18,,0.84,    ,    ,    ,    ,    
5701,劍湖山,櫃,2023/12/12,,6.8,-0.04,-0.58,53,0.36,6.84,6.84,6.85,6.8,0.73,,1.44,    ,    ,    ,    ,    
5703,亞都,櫃,2023/12/12,,24.55,-0.05,-0.2,48,1.17,24.6,24.9,24.9,24.3,2.44,117,3.79,    ,    ,    ,    ,    
5864,致和證,櫃,2023/12/12,,16.6,-0.25,-1.48,1470,24.6,16.85,16.95,17,16.6,2.37,6.38,0.92,    ,    ,    ,    ,    
5905,南仁湖,櫃,2023/12/12,,12.65,-0.15,-1.17,336,4.27,12.8,12.9,12.9,12.6,2.34,126,1.15,    ,    ,    ,    ,    
5907,大洋-KY,市,2023/12/12,,12.15,-0.15,-1.22,132,1.61,12.3,12.3,12.3,12.1,1.63,,0.35,    ,    ,    ,    ,    
6005,群益證,市,2023/12/12,,15.9,-0.05,-0.31,3617,57.7,15.95,16,16,15.85,0.94,8.93,0.89,    ,    ,    ,    ,    
6015,宏遠證,櫃,2023/12/12,,10.65,-0.15,-1.39,573,6.13,10.8,10.85,10.9,10.6,2.78,178,0.8,    ,    ,    ,    ,    
6016,康和證,櫃,2023/12/12,,13.15,-0.1,-0.75,865,11.4,13.25,13.3,13.3,13.1,1.51,7.07,0.88,    ,    ,    ,    ,    
6020,大展證,櫃,2023/12/12,,18.8,-0.1,-0.53,24,0.45,18.9,18.8,18.8,18.7,0.53,15,1.04,    ,    ,    ,    ,    
6021,美好證,櫃,2023/12/12,,14.8,0,0,6,0.09,14.8,14.8,14.8,14.8,0,38.9,0.86,    ,    ,    ,    ,    
6026,福邦證,櫃,2023/12/12,,12.55,-0.15,-1.18,1215,15.3,12.7,12.75,12.8,12.5,2.36,10.7,0.9,    ,    ,    ,    ,    
6108,競國,市,2023/12/12,,22,0.15,0.69,838,18.5,21.85,22.15,22.35,21.9,2.06,55,0.95,    ,    ,    ,    ,    
6109,亞元,櫃,2023/12/12,,14.95,-0.05,-0.33,273,4.1,15,15.05,15.15,14.95,1.33,18.9,1.28,    ,    ,    ,    ,    
6113,亞矽,櫃,2023/12/12,,17.2,-0.5,-2.82,5899,106,17.7,18.1,18.85,17.1,9.89,,1.44,    ,    ,    ,    ,    
6116,彩晶,市,2023/12/12,,11.1,-0.2,-1.77,14161,158,11.3,11.35,11.35,11.05,2.65,,0.73,    ,    ,    ,    ,    
6120,達運,市,2023/12/12,,13.7,-0.1,-0.72,4620,63,13.8,14,14,13.45,3.99,36.1,1.01,    ,    ,    ,    ,    
6133,金橋,市,2023/12/12,,15.25,-0.25,-1.61,439,6.73,15.5,15.5,15.7,15.15,3.55,46.2,1.55,    ,    ,    ,    ,    
6134,萬旭,櫃,2023/12/12,,19.8,0.25,1.28,78,1.53,19.55,19.7,19.8,19.55,1.28,,1.84,    ,    ,    ,    ,    
6136,富爾特,市,2023/12/12,,22.1,0.45,2.08,817,18,21.65,21.65,22.15,21.65,2.31,22.6,0.77,    ,    ,    ,    ,    
6140,訊達,櫃,2023/12/12,,24.25,-0.75,-3,2079,50,25,25,25,23.2,7.2,606,2.03,    ,    ,    ,    ,    
6141,柏承,市,2023/12/12,,16.2,0.2,1.25,57,0.93,16,16.2,16.2,16.1,0.62,,0.88,    ,    ,    ,    ,    
6142,友勁,市,2023/12/12,,10,0.01,0.1,276,2.76,9.99,10.05,10.05,9.97,0.8,100,1.04,    ,    ,    ,    ,    
6144,得利影,櫃,2023/12/12,,13.1,-0.6,-4.38,10,0.13,13.85,13.25,13.25,12.9,2.55,,1.48,    ,    ,    ,    ,    
6152,百一,市,2023/12/12,,10.1,0,0,300,3.02,10.1,10.2,10.3,10,2.97,252,1.13,    ,    ,    ,    ,    
6153,嘉聯益,市,2023/12/12,,22.2,0.05,0.23,1210,26.7,22.15,22.3,22.3,22,1.35,,0.96,    ,    ,    ,    ,    
6154,順發,櫃,2023/12/12,,16.05,0.15,0.94,77,1.23,15.9,15.9,16.15,15.9,1.57,20.3,1.01,    ,    ,    ,    ,    
6160,欣技,櫃,2023/12/12,,24,-0.15,-0.62,256,6.19,24.15,24.25,24.35,24,1.45,68.6,2.11,    ,    ,    ,    ,    
6163,華電網,櫃,2023/12/12,,18.3,-0.2,-1.08,513,9.46,18.5,18.5,18.7,18.25,2.43,14.4,1.07,    ,    ,    ,    ,    
6164,華興,市,2023/12/12,,12,0.2,1.69,1734,20.8,11.8,11.85,12.25,11.8,3.81,66.7,1.07,    ,    ,    ,    ,    
6167,久正,櫃,2023/12/12,,16.15,-0.1,-0.62,413,6.65,16.25,16.25,16.4,16,2.46,11.9,1.41,    ,    ,    ,    ,    
6169,昱泉,櫃,2023/12/12,,23.25,-0.5,-2.11,65,1.53,23.75,24,24.15,23.15,4.21,,1.71,    ,    ,    ,    ,    
6174,安碁,櫃,2023/12/12,,23.35,-0.3,-1.27,40,0.95,23.65,23.5,23.55,23.3,1.06,33.4,1.85,    ,    ,    ,    ,    
6185,幃翔,櫃,2023/12/12,,17.45,0.1,0.58,709,12.5,17.35,17.45,17.8,17.4,2.31,21.5,1.16,    ,    ,    ,    ,    
6199,天品,櫃,2023/12/12,,25,0.5,2.04,15,0.38,24.5,24.9,25,24.85,0.61,58.1,2.07,    ,    ,    ,    ,    
6218,豪勉,櫃,2023/12/12,,23.5,-0.15,-0.63,160,3.78,23.65,23.7,23.75,23.4,1.48,21,1.45,    ,    ,    ,    ,    
6219,富旺,櫃,2023/12/12,,21.6,0.05,0.23,1814,39.3,21.55,21.7,22.05,21.35,3.25,29.2,1.93,    ,    ,    ,    ,    
6225,天瀚,市,2023/12/12,,12.95,0.25,1.97,42,0.54,12.7,13.2,13.55,12.75,6.3,,4.2,    ,    ,    ,    ,    
6226,光鼎,市,2023/12/12,,10.2,-0.05,-0.49,166,1.69,10.25,10.25,10.3,10.1,1.95,,1.03,    ,    ,    ,    ,    
6228,全譜,櫃,2023/12/12,,24.2,-0.45,-1.83,18,0.42,24.65,23.75,24.5,23.7,3.25,,2.31,    ,    ,    ,    ,    
6240,松崗,櫃,2023/12/12,,19.65,-0.2,-1.01,19,0.38,19.85,20.1,20.1,19.65,2.27,,1.15,    ,    ,    ,    ,    
6241,易通展,櫃,2023/12/12,,13.05,-0.05,-0.38,104,1.36,13.1,13.3,13.3,13,2.29,,1.86,    ,    ,    ,    ,    
6246,臺龍,櫃,2023/12/12,,15.4,1.4,10,2257,34.2,14,14.15,15.4,14.15,8.93,,1.35,    ,    ,    ,    ,    
6259,百徽,櫃,2023/12/12,,23.8,-0.05,-0.21,275,6.54,23.85,24.9,24.9,22.8,8.81,24.8,1.58,    ,    ,    ,    ,    
6264,富裔,櫃,2023/12/12,,7.3,0,0,16,0.11,7.3,7.11,7.3,7.1,2.74,,1.47,    ,    ,    ,    ,    
6265,方土昶,櫃,2023/12/12,,11.05,-0.25,-2.21,2688,29.8,11.3,11.3,11.4,10.85,4.87,,0.98,    ,    ,    ,    ,    
6270,倍微,櫃,2023/12/12,,23.9,-0.2,-0.83,207,4.99,24.1,24.3,24.3,23.9,1.66,17.4,0.93,    ,    ,    ,    ,    
6287,元隆,櫃,2023/12/12,,16.05,-0.25,-1.53,9,0.15,16.3,16.05,16.05,16,0.31,,5.11,    ,    ,    ,    ,    
6405,悅城,市,2023/12/12,,23.85,0.25,1.06,46,1.09,23.6,24.15,24.15,23.6,2.33,,0.62,    ,    ,    ,    ,    
6418,詠昇,櫃,2023/12/12,,24.4,-1.25,-4.87,714,17.7,25.65,25.65,25.65,24.4,4.87,20.2,1.67,    ,    ,    ,    ,    
6425,易發,櫃,2023/12/12,,21.25,-0.2,-0.93,157,3.35,21.45,21.5,22.2,21.15,4.9,,1.12,    ,    ,    ,    ,    
6431,光麗-KY,市,2023/12/12,,16.1,0.1,0.62,28,0.45,16,16,16.2,16,1.25,,1.82,    ,    ,    ,    ,    
6465,威潤,櫃,2023/12/12,,19.95,0,0,10,0.2,19.95,19.95,19.95,19.5,2.26,,3.06,    ,    ,    ,    ,    
6506,雙邦,櫃,2023/12/12,,17.45,-0.05,-0.29,90,1.57,17.5,17.45,17.7,17.45,1.43,,1.18,    ,    ,    ,    ,    
6512,啟發電,櫃,2023/12/12,,21,0.05,0.24,5,0.11,20.95,20.95,21,20.95,0.24,,1.31,    ,    ,    ,    ,    
6573,虹揚-KY,市,2023/12/12,,14.5,0,0,75,1.08,14.5,14.5,14.5,14.25,1.72,,1.49,    ,    ,    ,    ,    
6578,達邦蛋白,櫃,2023/12/12,,20.3,-0.5,-2.4,548,11.2,20.8,20.85,20.9,20.2,3.37,,1.32,    ,    ,    ,    ,    
6603,富強鑫,櫃,2023/12/12,,16.3,-0.1,-0.61,240,3.9,16.4,16.3,16.35,16.25,0.61,65.2,1.14,    ,    ,    ,    ,    
6606,建德工業,市,2023/12/12,,23.95,0,0,39,0.94,23.95,24.2,24.2,23.9,1.25,22.2,1.57,    ,    ,    ,    ,    
6616,特昇-KY,櫃,2023/12/12,,12.7,-0.25,-1.93,126,1.61,12.95,12.95,12.95,12.7,1.93,,0.95,    ,    ,    ,    ,    
6661,威健生技,櫃,2023/12/12,,22.9,0.2,0.88,7,0.16,22.7,22.55,22.9,22.5,1.76,,1.79,    ,    ,    ,    ,    
6834,天二科技,市,2023/12/12,,25,0.05,0.2,83,2.08,24.95,25.6,25.6,24.8,3.21,,1.52,    ,    ,    ,    ,    
8011,台通,市,2023/12/12,,23.75,1.4,6.26,52444,1257,22.35,24.55,24.55,22.85,7.61,,1.35,    ,    ,    ,    ,    
8024,佑華,櫃,2023/12/12,,22.45,-0.3,-1.32,99,2.24,22.75,22.75,22.75,22.4,1.54,,1.66,    ,    ,    ,    ,    
8047,星雲,櫃,2023/12/12,,11.75,-0.2,-1.67,18,0.21,11.95,11.75,11.75,11.7,0.42,,1.1,    ,    ,    ,    ,    
8059,凱碩,櫃,2023/12/12,,14.1,0,0,161,2.25,14.1,14,14.15,13.9,1.77,37.1,1.38,    ,    ,    ,    ,    
8064,東捷,櫃,2023/12/12,,18.15,-0.15,-0.82,301,5.48,18.3,18.3,18.45,18.05,2.19,15.5,1.03,    ,    ,    ,    ,    
8067,志旭,櫃,2023/12/12,,13.75,-0.1,-0.72,6,0.08,13.85,13.4,13.75,13.15,4.33,,1.63,    ,    ,    ,    ,    
8071,能率網通,櫃,2023/12/12,,14.5,-0.05,-0.34,142,2.05,14.55,14.6,14.6,14.45,1.03,,1.04,    ,    ,    ,    ,    
8074,鉅橡,櫃,2023/12/12,,19.85,0,0,71,1.41,19.85,19.9,19.95,19.75,1.01,5.82,1.07,    ,    ,    ,    ,    
8092,建暐,櫃,2023/12/12,,12.6,0,0,144,1.81,12.6,12.8,12.8,12.4,3.17,115,1.51,    ,    ,    ,    ,    
8093,保銳,櫃,2023/12/12,,17.1,0.25,1.48,267,4.67,16.85,16.95,18,16.95,6.23,,2.56,    ,    ,    ,    ,    
8096,擎亞,櫃,2023/12/12,,14.9,0.2,1.36,29864,444,14.7,15.2,15.8,14,12.2,,1.05,    ,    ,    ,    ,    
8101,華冠,市,2023/12/12,,4,-0.09,-2.2,97,0.39,4.09,4.02,4.02,3.98,0.98,,2.33,    ,    ,    ,    ,    
8105,凌巨,市,2023/12/12,,12.95,0,0,423,5.49,12.95,12.95,13.05,12.9,1.16,20.9,0.72,    ,    ,    ,    ,    
8107,大億金茂,櫃,2023/12/12,,16,-0.05,-0.31,40,0.63,16.05,16,16.1,16,0.62,,0.82,    ,    ,    ,    ,    
8110,華東,市,2023/12/12,,15,-0.05,-0.33,1596,24,15.05,15.15,15.15,14.9,1.66,,0.75,    ,    ,    ,    ,    
8111,立碁,櫃,2023/12/12,,18.95,0,0,245,4.6,18.95,18.95,19,18.65,1.85,32.1,1.49,    ,    ,    ,    ,    
8121,越峰,櫃,2023/12/12,,24.9,-0.2,-0.8,125,3.13,25.1,25.05,25.1,24.85,1,,2.89,    ,    ,    ,    ,    
8176,智捷,櫃,2023/12/12,,14.75,0.2,1.37,510,7.45,14.55,14.55,14.8,14.35,3.09,,2.06,    ,    ,    ,    ,    
8201,無敵,市,2023/12/12,,18.15,1.05,6.14,2357,42.6,17.1,17.5,18.7,17.4,7.6,,2.09,    ,    ,    ,    ,    
8277,商丞,櫃,2023/12/12,,11.9,-0.15,-1.24,255,3.06,12.05,12.15,12.25,11.85,3.32,,1.95,    ,    ,    ,    ,    
8291,尚茂,櫃,2023/12/12,,6.61,0.18,2.8,5,0.04,6.43,6.8,6.8,6.61,2.95,,5.8,    ,    ,    ,    ,    
8354,冠好,櫃,2023/12/12,,16.95,-0.45,-2.59,1572,26.7,17.4,17.5,17.85,16.4,8.33,31.4,0.65,    ,    ,    ,    ,    
8401,白紗科,櫃,2023/12/12,,21.4,0,0,75,1.6,21.4,21.45,21.45,21.3,0.7,13,1.35,    ,    ,    ,    ,    
8404,百和興業-KY,市,2023/12/12,,20.3,-0.1,-0.49,344,6.96,20.4,20.45,20.45,20.15,1.47,,1.33,    ,    ,    ,    ,    
8411,福貞-KY,市,2023/12/12,,15.1,0.45,3.07,294,4.42,14.65,14.7,15.4,14.7,4.78,45.8,0.57,    ,    ,    ,    ,    
8418,捷必勝-KY,櫃,2023/12/12,,8.92,0,0,27,0.24,8.92,8.98,8.98,8.92,0.67,,1.01,    ,    ,    ,    ,    
8421,旭源,櫃,2023/12/12,,13.1,0.1,0.77,159,2.08,13,13.1,13.25,13.05,1.54,,0.87,    ,    ,    ,    ,    
8423,保綠-KY,櫃,2023/12/12,,22.05,0.6,2.8,16,0.34,21.45,21.55,22.15,21.55,2.8,21,1.53,    ,    ,    ,    ,    
8429,金麗-KY,市,2023/12/12,,10.75,-0.15,-1.38,1176,12.6,10.9,10.95,10.95,10.6,3.21,,0.32,    ,    ,    ,    ,    
8443,阿瘦,市,2023/12/12,,11.8,-0.05,-0.42,85,1,11.85,11.75,11.8,11.75,0.42,,0.95,    ,    ,    ,    ,    
8450,霹靂,櫃,2023/12/12,,23.8,0,0,38,0.9,23.8,24.05,24.05,23.75,1.26,,1.32,    ,    ,    ,    ,    
8455,大拓-KY,櫃,2023/12/12,,20.45,-0.1,-0.49,2,0.04,20.55,20.75,20.75,20.45,1.46,,0.97,    ,    ,    ,    ,    
8477,創業家,櫃,2023/12/12,,15.1,-0.05,-0.33,41,0.62,15.15,15.45,15.45,15,2.97,,1.87,    ,    ,    ,    ,    
8488,吉源-KY,市,2023/12/12,,17.95,-0.3,-1.64,32,0.58,18.25,18.2,18.2,17.8,2.19,,0.49,    ,    ,    ,    ,    
8489,三貝德,櫃,2023/12/12,,25,0.45,1.83,28,0.68,24.55,24.6,25,24.6,1.63,,1.99,    ,    ,    ,    ,    
8906,花王,櫃,2023/12/12,,16.35,-0.25,-1.51,97,1.6,16.6,16.5,16.6,16.35,1.51,,1.56,    ,    ,    ,    ,    
8921,沈氏,櫃,2023/12/12,,13.95,0.05,0.36,4,0.06,13.9,13.95,13.95,13.95,0,,0.7,    ,    ,    ,    ,    
8923,時報,櫃,2023/12/12,,19.45,-0.05,-0.26,4,0.08,19.5,19.45,19.55,19.45,0.51,26.3,1.35,    ,    ,    ,    ,    
8929,富堡,櫃,2023/12/12,,20.2,-0.05,-0.25,13,0.27,20.25,20.25,20.25,20.2,0.25,,1.3,    ,    ,    ,    ,    
8933,愛地雅,櫃,2023/12/12,,9.7,-0.01,-0.1,296,2.88,9.71,9.76,9.78,9.69,0.93,,1.27,    ,    ,    ,    ,    
8935,邦泰,櫃,2023/12/12,,10.95,0.1,0.92,28,0.31,10.85,10.9,10.95,10.8,1.38,,1.15,    ,    ,    ,    ,    
8937,合騏,櫃,2023/12/12,,21.35,-0.1,-0.47,224,4.71,21.45,21.1,21.35,20.7,3.03,36.2,2.08,    ,    ,    ,    ,    
9103,美德醫療-DR,市,2023/12/12,,7.68,-0.26,-3.27,1367,10.7,7.94,8,8,7.68,4.03,,,    ,    ,    ,    ,    
910322,康師傅-DR,市,2023/12/12,,19.4,-0.1,-0.51,46,0.9,19.5,19.5,19.65,19.4,1.28,,,    ,    ,    ,    ,    
9105,泰金寶-DR,市,2023/12/12,,2.98,0.01,0.34,11386,33.1,2.97,2.96,2.98,2.83,5.05,,,    ,    ,    ,    ,    
910861,神州-DR,市,2023/12/12,,4.22,-0.01,-0.24,96,0.41,4.23,4.25,4.25,4.22,0.71,,,    ,    ,    ,    ,    
9110,越南控-DR,市,2023/12/12,,7.26,0.09,1.26,34,0.25,7.17,7.4,7.4,7.13,3.77,,,    ,    ,    ,    ,    
911608,明輝-DR,市,2023/12/12,,2.83,-0.03,-1.05,46,0.13,2.86,2.91,2.91,2.77,4.9,,,    ,    ,    ,    ,    
911622,泰聚亨-DR,市,2023/12/12,,5.12,-0.03,-0.58,7,0.04,5.15,5.08,5.12,5.05,1.36,,,    ,    ,    ,    ,    
911868,同方友友-DR,市,2023/12/12,,1.2,0.02,1.69,317,0.38,1.18,1.18,1.24,1.15,7.63,,,    ,    ,    ,    ,    
912000,晨訊科-DR,市,2023/12/12,,2.34,-0.01,-0.43,56,0.13,2.35,2.32,2.35,2.31,1.7,,,    ,    ,    ,    ,    
9136,巨騰-DR,市,2023/12/12,,6.6,0.01,0.15,129,0.85,6.59,6.59,6.6,6.57,0.46,,,    ,    ,    ,    ,    
9902,台火,市,2023/12/12,,12.45,0,0,67,0.83,12.45,12.5,12.6,12.45,1.2,59.3,0.99,    ,    ,    ,    ,    
9905,大華,市,2023/12/12,,24.1,-0.05,-0.21,91,2.18,24.15,24.15,24.15,24,0.62,16.2,0.97,    ,    ,    ,    ,    
9907,統一實,市,2023/12/12,,16.1,0.05,0.31,1367,22,16.05,16.05,16.15,16,0.93,34.3,1.31,    ,    ,    ,    ,    
9912,偉聯,市,2023/12/12,,11.3,1,9.71,761,8.51,10.3,10.3,11.3,10.3,9.71,,1.43,    ,    ,    ,    ,    
9929,秋雨,市,2023/12/12,,16.65,0.7,4.39,545,8.93,15.95,16.1,16.75,16,4.7,53.7,1.76,    ,    ,    ,    ,    
9934,成霖,市,2023/12/12,,14.4,-0.3,-2.04,1771,25.6,14.7,14.7,14.7,14.35,2.38,11.3,0.99,    ,    ,    ,    ,    
9935,慶豐富,市,2023/12/12,,19.1,0.05,0.26,360,6.85,19.05,18.9,19.2,18.8,2.1,31.3,1.43,    ,    ,    ,    ,    
9944,新麗,市,2023/12/12,,20.25,0.1,0.5,129,2.6,20.15,20.25,20.3,20.15,0.74,6.06,0.6,    ,    ,    ,    ,    
9946,三發地產,市,2023/12/12,,19.1,-0.05,-0.26,367,7.01,19.15,19.15,19.3,18.95,1.83,119,0.98,    ,    ,    ,    ,    
9949,琉園,櫃,2023/12/12,,16.2,0.7,4.52,78,1.24,15.5,15.55,16.3,15.5,5.16,,1.89,    ,    ,    ,    ,    
9955,佳龍,市,2023/12/12,,24.1,-0.25,-1.03,552,13.3,24.35,24.15,24.3,24,1.23,,1.85,    ,    ,    ,    ,    
9962,有益,櫃,2023/12/12,,17.65,0,0,92,1.62,17.65,17.7,17.75,17.6,0.85,10.4,1.4,    ,    ,    ,    ,    
