0050,元大台灣50,市,12月12日,,131.5,0.3,0.23,"5,726",754,131.2,131.9,132.05,131.35,0.53,,,    ,    ,    ,    ,    
0052,富邦科技,市,12月12日,,124,0.55,0.45,312,38.6,123.45,123.95,124.35,123.4,0.77,,,    ,    ,    ,    ,    
00631L,元大台灣50正2,市,12月12日,,144.25,0.7,0.49,"1,956",284,143.55,145.35,145.55,143.9,1.15,,,    ,    ,    ,    ,    
00663L,國泰臺灣加權正2,市,12月12日,,133.6,0.85,0.64,13,1.74,132.75,134.65,134.65,133.5,0.87,,,    ,    ,    ,    ,    
1232,大統益,市,12月12日,,142.5,-0.5,-0.35,49,7,143,143,143,142.5,0.35,20.3,4.5,    ,    ,    ,    ,    
1256,鮮活果汁-KY,市,12月12日,,248.5,1.5,0.61,4,1.07,247,248.5,248.5,248.5,0,16.9,2.17,    ,    ,    ,    ,    
1264,德麥,櫃,12月12日,,289,-1,-0.34,15,4.41,290,290,290,289,0.34,16,3.55,    ,    ,    ,    ,    
1268,漢來美食,櫃,12月12日,,151,-1,-0.66,125,18.9,152,152.5,153,150,1.97,17,3.09,    ,    ,    ,    ,    
1342,八貫,市,12月12日,,116.5,-0.5,-0.43,206,24.1,117,117.5,118,116,1.71,15.2,3.93,    ,    ,    ,    ,    
1476,儒鴻,市,12月12日,,570,-10,-1.72,631,360,580,581,581,566,2.59,34.2,6.37,    ,    ,    ,    ,    
1477,聚陽,市,12月12日,,343,-5,-1.44,"2,231",765,348,348.5,350.5,340,3.02,21.5,5.48,    ,    ,    ,    ,    
1503,士電,市,12月12日,,125,-2.5,-1.96,"9,117","1,153",127.5,126.5,130,124,4.71,28.1,2.04,    ,    ,    ,    ,    
1513,中興電,市,12月12日,,125,-1,-0.79,"9,947","1,255",126,126,128,125,2.38,39.4,4.18,    ,    ,    ,    ,    
1519,華城,市,12月12日,,356,17,5.01,"19,690","6,908",339,341,357,340.5,4.87,47.9,18.8,    ,    ,    ,    ,    
1537,廣隆,市,12月12日,,131,-0.5,-0.38,137,18,131.5,131.5,132,131,0.76,18.6,2.6,    ,    ,    ,    ,    
1558,伸興,市,12月12日,,107.5,-0.5,-0.46,36,3.9,108,108,108,107,0.93,32.1,1.32,    ,    ,    ,    ,    
1560,中砂,市,12月12日,,178,2.5,1.42,"2,519",452,175.5,176.5,181,176.5,2.56,28.9,4.35,    ,    ,    ,    ,    
1565,精華,櫃,12月12日,,190,-1,-0.52,72,13.8,191,191,192,190,1.05,15.5,1.59,    ,    ,    ,    ,    
1580,新麥,櫃,12月12日,,146.5,-1,-0.68,271,39.7,147.5,147.5,148.5,145,2.37,13.7,2.65,    ,    ,    ,    ,    
1590,亞德客-KY,市,12月12日,,1005,-25,-2.43,531,539,1030,1030,1035,1005,2.91,30.4,4.83,    ,    ,    ,    ,    
1707,葡萄王,市,12月12日,,154,0,0,315,48.6,154,154,155,154,0.65,15.7,2.39,    ,    ,    ,    ,    
1723,中碳,市,12月12日,,116,0,0,225,26,116,116,116,115.5,0.43,18,3.42,    ,    ,    ,    ,    
1760,寶齡富錦,市,12月12日,,112.5,0,0,485,54.7,112.5,114,114,112.5,1.33,,5.11,    ,    ,    ,    ,    
1773,勝一,市,12月12日,,136.5,-0.5,-0.36,145,19.7,137,137,137.5,135,1.82,22.1,4.11,    ,    ,    ,    ,    
1788,杏昌,櫃,12月12日,,136.5,0,0,14,1.87,136.5,136.5,136.5,136,0.37,16.8,2.09,    ,    ,    ,    ,    
1795,美時,市,12月12日,,274,-0.5,-0.18,"4,983","1,374",274.5,278.5,280,273.5,2.37,18.5,4.32,    ,    ,    ,    ,    
2049,上銀,市,12月12日,,220.5,-4,-1.78,864,192,224.5,226.5,226.5,220,2.9,36.1,2.25,    ,    ,    ,    ,    
2059,川湖,市,12月12日,,863,-17,-1.93,"1,678","1,475",880,893,905,863,4.77,29.2,5.17,    ,    ,    ,    ,    
2114,鑫永銓,市,12月12日,,106,0,0,45,4.76,106,106,106,105,0.94,18,2.79,    ,    ,    ,    ,    
2204,中華,市,12月12日,,125,4,3.31,"16,815","2,091",121,120,127,119.5,6.2,54.6,2.02,    ,    ,    ,    ,    
2207,和泰車,市,12月12日,,704,-1,-0.14,270,191,705,711,721,699,3.12,42.2,6.27,    ,    ,    ,    ,    
2227,裕日車,市,12月12日,,188.5,0,0,4,0.69,188.5,188.5,188.5,188.5,0,42.1,3.11,    ,    ,    ,    ,    
2230,泰茂,櫃,12月12日,,156,3.5,2.3,"1,420",222,152.5,151.5,158.5,151.5,4.59,124,9.54,    ,    ,    ,    ,    
2231,為升,市,12月12日,,134,1,0.75,210,28.2,133,133.5,135,133,1.5,30,4.45,    ,    ,    ,    ,    
2233,宇隆,市,12月12日,,138,-5,-3.5,"1,192",166,143,143.5,143.5,137,4.55,16.9,2.38,    ,    ,    ,    ,    
2247,汎德永業,市,12月12日,,307.5,-2,-0.65,136,41.9,309.5,308.5,309,307,0.65,13.8,2,    ,    ,    ,    ,    
2301,光寶科,市,12月12日,,110,-0.5,-0.45,"7,419",824,110.5,112,112,110,1.81,16.8,3.03,    ,    ,    ,    ,    
2308,台達電,市,12月12日,,301,-9.5,-3.06,"10,906","3,310",310.5,307,309,300,2.9,24.2,3.96,    ,    ,    ,    ,    
2317,鴻海,市,12月12日,,101,0,0,"21,061","2,126",101,101,101.5,100.5,0.99,10.8,0.94,    ,    ,    ,    ,    
2327,國巨,市,12月12日,,619,5,0.81,"4,224","2,622",614,622,624,615,1.47,15.3,1.9,    ,    ,    ,    ,    
2330,台積電,市,12月12日,,578,4,0.7,"32,857","19,004",574,580,581,575,1.05,16.7,4.48,    ,    ,    ,    ,    
2345,智邦,市,12月12日,,526,-7,-1.31,"3,581","1,905",533,543,549,525,4.5,32.6,12.7,    ,    ,    ,    ,    
2351,順德,市,12月12日,,117,0,0,898,106,117,117,118,116.5,1.28,27.1,3.18,    ,    ,    ,    ,    
2357,華碩,市,12月12日,,393,-3.5,-0.88,"2,265",895,396.5,396,399,392,1.77,35.7,1.25,    ,    ,    ,    ,    
2360,致茂,市,12月12日,,194,-15.5,-7.4,"10,277","2,003",209.5,195.5,202,191.5,5.01,20.2,3.83,    ,    ,    ,    ,    
2364,倫飛,市,12月12日,,121.5,-4,-3.19,"2,007",250,125.5,127.5,129.5,120.5,7.17,37.2,6.86,    ,    ,    ,    ,    
2368,金像電,市,12月12日,,219.5,-1,-0.45,"9,712","2,140",220.5,223,224,217.5,2.95,31.8,7.05,    ,    ,    ,    ,    
2376,技嘉,市,12月12日,,250.5,-1,-0.4,"17,846","4,517",251.5,253.5,257,250.5,2.58,33.8,4.41,    ,    ,    ,    ,    
2377,微星,市,12月12日,,177,0,0,"5,445",964,177,177.5,179,175.5,1.98,20.4,3.01,    ,    ,    ,    ,    
2379,瑞昱,市,12月12日,,457,6,1.33,"2,736","1,248",451,455,459.5,452.5,1.55,25.7,5.52,    ,    ,    ,    ,    
2382,廣達,市,12月12日,,201,-3,-1.47,"21,583","4,384",204,205,206,201,2.45,20.2,4.27,    ,    ,    ,    ,    
2383,台光電,市,12月12日,,381,-10.5,-2.68,"3,845","1,480",391.5,393,396.5,380.5,4.09,26.1,5.23,    ,    ,    ,    ,    
2385,群光,市,12月12日,,169,-0.5,-0.29,"7,817","1,320",169.5,166.5,171,165.5,3.24,17.2,3.26,    ,    ,    ,    ,    
2388,威盛,市,12月12日,,163.5,2,1.24,"26,594","4,344",161.5,164,166,160.5,3.41,711,6.04,    ,    ,    ,    ,    
2395,研華,市,12月12日,,364.5,1,0.28,989,360,363.5,367,368,360.5,2.06,28.1,6.78,    ,    ,    ,    ,    
2404,漢唐,市,12月12日,,270,16,6.3,"4,930","1,309",254,257,270,256,5.51,10.8,4.42,    ,    ,    ,    ,    
2412,中華電,市,12月12日,,120,0,0,"3,692",442,120,120,120,119.5,0.42,25.2,2.49,    ,    ,    ,    ,    
2428,興勤,市,12月12日,,159.5,-0.5,-0.31,554,88.6,160,160.5,161,159,1.25,18.4,2.21,    ,    ,    ,    ,    
2439,美律,市,12月12日,,118.5,2.5,2.16,"5,860",693,116,116,119.5,116,3.02,21,2.11,    ,    ,    ,    ,    
2454,聯發科,市,12月12日,,939,-2,-0.21,"4,720","4,443",941,950,950,935,1.59,21.3,3.81,    ,    ,    ,    ,    
2455,全新,市,12月12日,,162.5,-2,-1.22,"1,442",238,164.5,165.5,168,162.5,3.34,100,10.3,    ,    ,    ,    ,    
2458,義隆,市,12月12日,,158.5,1.5,0.96,"3,678",581,157,158.5,159,156.5,1.59,27.9,5.56,    ,    ,    ,    ,    
2474,可成,市,12月12日,,185,0,0,"1,862",345,185,187,187,184,1.62,12.6,0.77,    ,    ,    ,    ,    
2480,敦陽科,市,12月12日,,121,0,0,299,36.1,121,121.5,121.5,120,1.24,16.4,4.18,    ,    ,    ,    ,    
2492,華新科,市,12月12日,,132,-2.5,-1.86,"3,954",527,134.5,136,136.5,131.5,3.72,37.8,1.35,    ,    ,    ,    ,    
2597,潤弘,市,12月12日,,112,-1,-0.88,67,7.56,113,113,113,112,0.88,11.8,3.81,    ,    ,    ,    ,    
2603,長榮,市,12月12日,,129,7,5.74,"64,869","8,235",122,122,130.5,121.5,7.38,4.41,0.6,    ,    ,    ,    ,    
2640,大車隊,櫃,12月12日,,110.5,0.5,0.45,33,3.68,110,111,111.5,110.5,0.91,16.9,3.67,    ,    ,    ,    ,    
2645,長榮航太,市,12月12日,,107.5,0.5,0.47,672,72.4,107,107.5,109,107,1.87,23.2,3.15,    ,    ,    ,    ,    
2707,晶華,市,12月12日,,219,-2,-0.9,171,37.5,221,221,222,218.5,1.58,21.5,6.56,    ,    ,    ,    ,    
2727,王品,市,12月12日,,238,-2.5,-1.04,845,202,240.5,241,241.5,237.5,1.66,14.9,4.72,    ,    ,    ,    ,    
2729,瓦城,櫃,12月12日,,231,-3,-1.28,100,23.1,234,232.5,233.5,230.5,1.28,19.8,3.27,    ,    ,    ,    ,    
2731,雄獅,市,12月12日,,142,-1,-0.7,"1,061",151,143,144,144.5,141,2.45,27.6,4.47,    ,    ,    ,    ,    
2732,六角,櫃,12月12日,,116,-1,-0.85,228,26.5,117,118,118,115.5,2.14,15.5,2.88,    ,    ,    ,    ,    
2743,山富,櫃,12月12日,,126.5,-4.5,-3.44,"1,030",132,131,131,132,126.5,4.2,17.9,5.69,    ,    ,    ,    ,    
2752,豆府,櫃,12月12日,,280,0,0,0,0.02,280,280,280,280,0,17.8,6.65,    ,    ,    ,    ,    
2753,八方雲集,市,12月12日,,173,0.5,0.29,344,59.6,172.5,174,174,172,1.16,19.5,3.5,    ,    ,    ,    ,    
2754,亞洲藏壽司,櫃,12月12日,,116.5,-2.5,-2.1,185,21.8,119,119.5,119.5,116.5,2.52,21,3.33,    ,    ,    ,    ,    
2755,揚秦,櫃,12月12日,,116.5,-2.5,-2.1,50,5.83,119,119,119,116.5,2.1,29.6,4.87,    ,    ,    ,    ,    
2912,統一超,市,12月12日,,268.5,0,0,455,122,268.5,269,269,267.5,0.56,26.9,7.58,    ,    ,    ,    ,    
3005,神基,市,12月12日,,104.5,1.5,1.46,"9,886","1,018",103,104,105,100.5,4.37,16.1,3,    ,    ,    ,    ,    
3008,大立光,市,12月12日,,2375,35,1.5,858,"2,047",2340,2360,2400,2360,1.71,18.7,1.98,    ,    ,    ,    ,    
3014,聯陽,市,12月12日,,158,0,0,"1,825",289,158,159,160.5,157.5,1.9,17.5,4.22,    ,    ,    ,    ,    
3017,奇鋐,市,12月12日,,306.5,-1.5,-0.49,"5,785","1,786",308,312,313,305,2.6,24.2,5.72,    ,    ,    ,    ,    
3023,信邦,市,12月12日,,295.5,-1,-0.34,"1,014",298,296.5,296.5,296.5,292.5,1.35,21.6,5.28,    ,    ,    ,    ,    
3034,聯詠,市,12月12日,,514,4,0.78,"4,113","2,109",510,510,516,508,1.57,14.2,5.07,    ,    ,    ,    ,    
3035,智原,市,12月12日,,382.5,21,5.81,"37,979","14,406",361.5,369,391,367.5,6.5,53,10.6,    ,    ,    ,    ,    
3036,文曄,市,12月12日,,119,2,1.71,"6,109",726,117,117,119.5,117,2.14,28.1,1.99,    ,    ,    ,    ,    
3037,欣興,市,12月12日,,176,-2,-1.12,"12,921","2,293",178,179.5,180,175.5,2.53,16.3,3.01,    ,    ,    ,    ,    
3042,晶技,市,12月12日,,100,0,0,"2,625",263,100,100,100.5,99.9,0.6,17.7,2.64,    ,    ,    ,    ,    
3044,健鼎,市,12月12日,,198,4.5,2.33,"5,141","1,014",193.5,194.5,199.5,193,3.36,17.6,2.41,    ,    ,    ,    ,    
3081,聯亞,櫃,12月12日,,106,0.5,0.47,"1,341",143,105.5,106.5,108,105.5,2.37,,2.5,    ,    ,    ,    ,    
3086,華義,櫃,12月12日,,107.5,9.6,9.81,951,99.6,97.9,101,107.5,100,7.66,125,7.89,    ,    ,    ,    ,    
3105,穩懋,櫃,12月12日,,167,1,0.6,"2,813",472,166,168,169,166.5,1.51,,2.12,    ,    ,    ,    ,    
3130,一零四,市,12月12日,,211.5,0,0,12,2.58,211.5,211.5,211.5,211.5,0,15.9,4.44,    ,    ,    ,    ,    
3131,弘塑,櫃,12月12日,,523,-15,-2.79,826,436,538,546,550,521,5.39,25.9,4.28,    ,    ,    ,    ,    
3138,耀登,市,12月12日,,157,-1,-0.63,508,80.4,158,159,161,156.5,2.85,22.3,4.49,    ,    ,    ,    ,    
3152,璟德,櫃,12月12日,,259,4,1.57,572,148,255,256,261.5,255.5,2.35,74.4,5.1,    ,    ,    ,    ,    
3169,亞信,櫃,12月12日,,131.5,-2.5,-1.87,775,103,134,135,136.5,130.5,4.48,32.4,4.9,    ,    ,    ,    ,    
3178,公準,櫃,12月12日,,106.5,0,0,850,90.8,106.5,108,109,105,3.76,21.7,3.86,    ,    ,    ,    ,    
3189,景碩,市,12月12日,,103.5,0.5,0.49,"2,361",244,103,104,105,102.5,2.43,53.4,1.5,    ,    ,    ,    ,    
3217,優群,櫃,12月12日,,167.5,-0.5,-0.3,"1,738",291,168,167.5,170,165,2.98,23.7,3.56,    ,    ,    ,    ,    
3218,大學光,櫃,12月12日,,284,0.5,0.18,158,45.1,283.5,284,285.5,283.5,0.71,23.2,8.07,    ,    ,    ,    ,    
3227,原相,櫃,12月12日,,162,4.5,2.86,"4,480",724,157.5,158.5,163.5,158.5,3.17,50.6,2.5,    ,    ,    ,    ,    
3228,金麗科,櫃,12月12日,,275,-10,-3.51,"1,803",502,285,277,287,272,5.26,,29.9,    ,    ,    ,    ,    
3260,威剛,櫃,12月12日,,104,-0.5,-0.48,"13,726","1,448",104.5,106.5,107.5,104,3.35,31,2.17,    ,    ,    ,    ,    
3293,鈊象,櫃,12月12日,,734,16,2.23,"1,660","1,210",718,727,735,715,2.79,16.7,9.77,    ,    ,    ,    ,    
3310,佳穎,櫃,12月12日,,107.5,-4,-3.59,842,93.1,111.5,112.5,116,103,11.7,34.7,4.06,    ,    ,    ,    ,    
3324,雙鴻,櫃,12月12日,,343,0,0,"2,938","1,005",343,348.5,349,337,3.5,24.4,4.9,    ,    ,    ,    ,    
3357,臺慶科,櫃,12月12日,,115,-0.5,-0.43,151,17.3,115.5,116,116,114,1.73,19.3,1.76,    ,    ,    ,    ,    
3362,先進光,櫃,12月12日,,188,3.5,1.9,"2,765",521,184.5,183,192,183,4.88,74.6,8.25,    ,    ,    ,    ,    
3374,精材,櫃,12月12日,,127.5,-1,-0.78,"2,885",370,128.5,129,130,127,2.33,24.8,4.6,    ,    ,    ,    ,    
3376,新日興,市,12月12日,,125,2,1.63,"5,275",666,123,123,128.5,123,4.47,29.9,1.52,    ,    ,    ,    ,    
3406,玉晶光,市,12月12日,,403,8,2.03,"2,506","1,011",395,398.5,407.5,398.5,2.28,16.4,2.24,    ,    ,    ,    ,    
3413,京鼎,市,12月12日,,198,3.5,1.8,977,195,194.5,195,203,195,4.11,10.1,1.73,    ,    ,    ,    ,    
3416,融程電,市,12月12日,,124.5,-0.5,-0.4,97,12.1,125,125.5,125.5,124,1.2,17.9,3.19,    ,    ,    ,    ,    
3443,創意,市,12月12日,,1790,-35,-1.92,"4,214","7,673",1825,1850,1855,1790,3.56,57.9,26.7,    ,    ,    ,    ,    
3444,利機,櫃,12月12日,,113,0.5,0.44,897,102,112.5,113,115,112.5,2.22,42.3,4.58,    ,    ,    ,    ,    
3454,晶睿,市,12月12日,,155.5,-3.5,-2.2,428,67.1,159,160.5,162,155,4.4,20.8,3.87,    ,    ,    ,    ,    
3479,安勤,櫃,12月12日,,115,5,4.55,"3,781",427,110,111,115.5,109.5,5.45,12.4,2.71,    ,    ,    ,    ,    
3483,力致,櫃,12月12日,,149,-1.5,-1,"1,887",283,150.5,151,152,149,1.99,19.1,3.03,    ,    ,    ,    ,    
3491,昇達科,櫃,12月12日,,168,2,1.2,"1,176",197,166,167.5,169,166.5,1.51,50.9,5.28,    ,    ,    ,    ,    
3515,華擎,市,12月12日,,225.5,-6.5,-2.8,"1,915",437,232,232,233,225.5,3.23,44.7,3.42,    ,    ,    ,    ,    
3526,凡甲,櫃,12月12日,,194,5.5,2.92,"1,519",295,188.5,190.5,195.5,190.5,2.65,19.4,4.56,    ,    ,    ,    ,    
3527,聚積,櫃,12月12日,,115,0,0,"1,967",233,115,117.5,122.5,115,6.52,,2.04,    ,    ,    ,    ,    
3529,力旺,櫃,12月12日,,2570,20,0.78,585,"1,514",2550,2570,2625,2560,2.55,128,73.3,    ,    ,    ,    ,    
3530,晶相光,市,12月12日,,105.5,-4,-3.65,"1,814",195,109.5,110.5,111.5,105.5,5.48,,3.31,    ,    ,    ,    ,    
3532,台勝科,市,12月12日,,165,4,2.48,"5,707",948,161,162.5,169,162.5,4.04,16.8,2.58,    ,    ,    ,    ,    
3533,嘉澤,市,12月12日,,980,-10,-1.01,955,940,990,994,999,977,2.22,18.7,4.05,    ,    ,    ,    ,    
3545,敦泰,市,12月12日,,117.5,-2,-1.67,"4,349",513,119.5,121,121.5,116.5,4.18,77.8,2.7,    ,    ,    ,    ,    
3548,兆利,櫃,12月12日,,221.5,-0.5,-0.23,"1,254",282,222,223,230,221.5,3.83,32.6,2.82,    ,    ,    ,    ,    
3552,同致,櫃,12月12日,,147,0,0,225,33.1,147,148.5,148.5,146.5,1.36,29.1,2.92,    ,    ,    ,    ,    
3558,神準,櫃,12月12日,,252,1,0.4,302,76.7,251,254,256.5,252,1.79,11.8,2.68,    ,    ,    ,    ,    
3563,牧德,市,12月12日,,222.5,0.5,0.23,541,120,222,222.5,228,217.5,4.73,19.8,2.5,    ,    ,    ,    ,    
3570,大塚,櫃,12月12日,,150,-3.5,-2.28,145,21.9,153.5,153.5,153.5,150,2.28,12.6,2.96,    ,    ,    ,    ,    
3583,辛耘,市,12月12日,,211,-0.5,-0.24,"1,551",329,211.5,213.5,215,211,1.89,27.8,4.41,    ,    ,    ,    ,    
3587,閎康,櫃,12月12日,,233.5,-1.5,-0.64,473,111,235,238,238.5,233.5,2.13,19.6,3.48,    ,    ,    ,    ,    
3592,瑞鼎,市,12月12日,,384,-5,-1.29,472,182,389,389,389,384,1.29,20.4,2.7,    ,    ,    ,    ,    
3596,智易,市,12月12日,,171.5,3,1.78,"4,837",830,168.5,170,173.5,169.5,2.37,15.9,2.65,    ,    ,    ,    ,    
3611,鼎翰,櫃,12月12日,,234.5,-2,-0.85,87,20.5,236.5,236.5,237,234,1.27,10.7,2.09,    ,    ,    ,    ,    
3617,碩天,市,12月12日,,197.5,-4,-1.99,944,188,201.5,203,203,197,2.98,12.7,2.48,    ,    ,    ,    ,    
3653,健策,市,12月12日,,667,13,1.99,879,588,654,656,675,655,3.06,36.6,8.52,    ,    ,    ,    ,    
3661,世芯-KY,市,12月12日,,3520,10,0.28,"1,612","5,673",3510,3510,3560,3480,2.28,94.2,14.9,    ,    ,    ,    ,    
3665,貿聯-KY,市,12月12日,,269,-2.5,-0.92,389,105,271.5,272,272.5,268,1.66,15.8,1.82,    ,    ,    ,    ,    
3675,德微,櫃,12月12日,,274,13,4.98,"2,175",590,261,267,275.5,265,4.02,37.7,8.08,    ,    ,    ,    ,    
3679,新至陞,市,12月12日,,107,-1,-0.93,72,7.72,108,108.5,108.5,106.5,1.85,13.4,1.49,    ,    ,    ,    ,    
3680,家登,櫃,12月12日,,367.5,-7,-1.87,"2,109",779,374.5,377,378,365.5,3.34,36.2,5.02,    ,    ,    ,    ,    
3687,歐買尬,櫃,12月12日,,102.5,-2.5,-2.38,812,85.2,105,106,107.5,102,5.24,64.9,2.13,    ,    ,    ,    ,    
3693,營邦,櫃,12月12日,,440.5,-7.5,-1.67,"2,049",914,448,450.5,454.5,439.5,3.35,17,6.23,    ,    ,    ,    ,    
3711,日月光投控,市,12月12日,,129.5,-1.5,-1.15,"9,137","1,189",131,131,131.5,129,1.91,14.6,1.89,    ,    ,    ,    ,    
4107,邦特,櫃,12月12日,,108.5,-1.5,-1.36,71,7.74,110,109,109.5,108.5,0.91,16.3,2.43,    ,    ,    ,    ,    
4137,麗豐-KY,市,12月12日,,190.5,0.5,0.26,70,13.3,190,190,191,188.5,1.32,16.1,2.99,    ,    ,    ,    ,    
4138,曜亞,櫃,12月12日,,109,4,3.81,460,49.8,105,105.5,111,105,5.71,18.5,2.34,    ,    ,    ,    ,    
4163,鐿鈦,櫃,12月12日,,125.5,1.5,1.21,225,28.3,124,124,128,123.5,3.63,16,2.47,    ,    ,    ,    ,    
4438,廣越,市,12月12日,,112,-1.5,-1.32,58,6.53,113.5,112.5,113,112,0.88,15.1,1.41,    ,    ,    ,    ,    
4439,冠星-KY,市,12月12日,,128,-3,-2.29,61,7.8,131,131,131,128,2.29,10.7,1.49,    ,    ,    ,    ,    
4536,拓凱,市,12月12日,,176.5,-6,-3.29,651,116,182.5,181,181.5,175.5,3.29,10.1,2.01,    ,    ,    ,    ,    
4551,智伸科,市,12月12日,,130.5,-2.5,-1.88,104,13.6,133,134.5,134.5,130.5,3.01,19.7,1.87,    ,    ,    ,    ,    
4557,永新-KY,市,12月12日,,114.5,2,1.78,91,10.3,112.5,113.5,114.5,111.5,2.67,12.8,2.35,    ,    ,    ,    ,    
4572,駐龍,市,12月12日,,166.5,3,1.83,279,46.4,163.5,165,167.5,163.5,2.45,29.5,3.52,    ,    ,    ,    ,    
4583,台灣精銳,市,12月12日,,216,-3,-1.37,81,17.5,219,218,218,215,1.37,17.3,1.78,    ,    ,    ,    ,    
4728,雙美,櫃,12月12日,,204.5,-3,-1.45,43,8.78,207.5,210,210,204,2.89,19.1,8.81,    ,    ,    ,    ,    
4736,泰博,櫃,12月12日,,161,4,2.55,438,70,157,157,161,157,2.55,11.9,1.77,    ,    ,    ,    ,    
4743,合一,櫃,12月12日,,194.5,3.5,1.83,"1,958",380,191,193.5,196.5,192,2.36,,6.2,    ,    ,    ,    ,    
4755,三福化,市,12月12日,,124,0,0,90,11.2,124,124,124.5,123.5,0.81,31.6,2.89,    ,    ,    ,    ,    
4763,材料-KY,市,12月12日,,778,-17,-2.14,"4,362","3,395",795,802,804,764,5.03,17.7,6.94,    ,    ,    ,    ,    
4766,南寶,市,12月12日,,262,4,1.55,429,112,258,260.5,264.5,259,2.13,14.9,2.44,    ,    ,    ,    ,    
4768,晶呈科技,櫃,12月12日,,200,7.5,3.9,"1,486",296,192.5,194,202.5,193.5,4.68,50.8,7.14,    ,    ,    ,    ,    
4770,上品,市,12月12日,,335,5,1.52,356,119,330,331,338,330,2.42,14.7,3.75,    ,    ,    ,    ,    
4919,新唐,市,12月12日,,145,-0.5,-0.34,"1,664",241,145.5,146,146,144,1.37,25.1,3.79,    ,    ,    ,    ,    
4953,緯軟,櫃,12月12日,,139,1.5,1.09,"1,926",265,137.5,138,139,136,2.18,16.3,2.94,    ,    ,    ,    ,    
4958,臻鼎-KY,市,12月12日,,106.5,2,1.91,"4,052",429,104.5,105,106.5,104.5,1.91,13.6,1.05,    ,    ,    ,    ,    
4961,天鈺,市,12月12日,,269,-9.5,-3.41,"3,816","1,039",278.5,278.5,281,268,4.67,24,1.93,    ,    ,    ,    ,    
4966,譜瑞-KY,櫃,12月12日,,1125,-10,-0.88,"1,168","1,333",1135,1160,1170,1125,3.96,48,4.42,    ,    ,    ,    ,    
4968,立積,市,12月12日,,168,-0.5,-0.3,"5,428",927,168.5,171.5,176,166.5,5.64,,6.81,    ,    ,    ,    ,    
4979,華星光,櫃,12月12日,,169.5,-9,-5.04,"18,395","3,168",178.5,178,178.5,169,5.32,59.3,12.9,    ,    ,    ,    ,    
5209,新鼎,櫃,12月12日,,178,-1,-0.56,87,15.6,179,179,182,177.5,2.51,14,6.45,    ,    ,    ,    ,    
5222,全訊,市,12月12日,,168.5,0.5,0.3,350,59.2,168,170,170,168,1.19,30.2,5.93,    ,    ,    ,    ,    
5236,凌陽創新,櫃,12月12日,,177,-3,-1.67,"1,861",338,180,180.5,188,177,6.11,26.6,4.31,    ,    ,    ,    ,    
5258,虹堡,市,12月12日,,127,-5.5,-4.15,"8,629","1,106",132.5,131.5,131.5,126,4.15,14.6,3.59,    ,    ,    ,    ,    
5263,智崴,櫃,12月12日,,121.5,-0.5,-0.41,32,3.85,122,122,122,121.5,0.41,,2.44,    ,    ,    ,    ,    
5269,祥碩,市,12月12日,,1590,40,2.58,"1,234","1,964",1550,1580,1615,1570,2.9,58.9,6.49,    ,    ,    ,    ,    
5274,信驊,櫃,12月12日,,3115,75,2.47,466,"1,425",3040,3010,3130,2985,4.77,100,33.5,    ,    ,    ,    ,    
5278,尚凡,櫃,12月12日,,222,-4.5,-1.99,29,6.46,226.5,225,225,220,2.21,18,10.4,    ,    ,    ,    ,    
5283,禾聯碩,市,12月12日,,109.5,0,0,37,4.06,109.5,109.5,110,109,0.91,13.5,1.82,    ,    ,    ,    ,    
5284,jpp-KY,市,12月12日,,120,1,0.84,401,48.3,119,119,121.5,119,2.1,12.4,2.51,    ,    ,    ,    ,    
5287,數字,櫃,12月12日,,198,-1,-0.5,125,24.8,199,199.5,199.5,197.5,1.01,15.3,5.81,    ,    ,    ,    ,    
5288,豐祥-KY,市,12月12日,,176,0.5,0.28,32,5.63,175.5,176,176.5,175.5,0.57,11.3,2.37,    ,    ,    ,    ,    
5289,宜鼎,櫃,12月12日,,309,-10.5,-3.29,"1,314",409,319.5,321.5,321.5,307,4.54,21.5,4.04,    ,    ,    ,    ,    
5292,華懋,市,12月12日,,129.5,-2,-1.52,327,42.6,131.5,131.5,132.5,129,2.66,14.8,3.82,    ,    ,    ,    ,    
5299,杰力,櫃,12月12日,,131.5,-1,-0.75,108,14.3,132.5,134,134.5,131,2.64,22.1,2.14,    ,    ,    ,    ,    
5306,桂盟,市,12月12日,,126,-1.5,-1.18,276,34.9,127.5,127.5,128,126,1.57,17.3,2.08,    ,    ,    ,    ,    
5388,中磊,市,12月12日,,128.5,2.5,1.98,"7,269",936,126,126.5,130,126,3.17,14.4,2.99,    ,    ,    ,    ,    
5403,中菲,櫃,12月12日,,107.5,0.5,0.47,80,8.61,107,107.5,108,107,0.93,12.1,3.64,    ,    ,    ,    ,    
5432,新門,櫃,12月12日,,116,-1,-0.85,"3,095",358,117,126,127,109,15.4,133,6.29,    ,    ,    ,    ,    
5434,崇越,市,12月12日,,183.5,1,0.55,318,58.1,182.5,182.5,183.5,182,0.82,12.2,2.4,    ,    ,    ,    ,    
5439,高技,櫃,12月12日,,134,-4.5,-3.25,"4,315",585,138.5,139,139,133.5,3.97,26.2,5.06,    ,    ,    ,    ,    
5474,聰泰,櫃,12月12日,,106.5,-1.5,-1.39,119,12.9,108,109,110,106.5,3.24,18.3,2.41,    ,    ,    ,    ,    
5478,智冠,櫃,12月12日,,204.5,5.5,2.76,463,94.7,199,200,206,200,3.02,26.9,3.64,    ,    ,    ,    ,    
5483,中美晶,櫃,12月12日,,190.5,5,2.7,"8,978","1,706",185.5,186.5,191.5,185.5,3.23,11,3.09,    ,    ,    ,    ,    
5536,聖暉*,櫃,12月12日,,179,0.5,0.28,306,55.1,178.5,179,181,179,1.12,10.5,2.49,    ,    ,    ,    ,    
5871,中租-KY,市,12月12日,,179,0.5,0.28,"3,699",664,178.5,180,180.5,178.5,1.12,11.7,2.1,    ,    ,    ,    ,    
5903,全家,櫃,12月12日,,189,-0.5,-0.26,109,20.6,189.5,189.5,189.5,189,0.26,20.8,5.95,    ,    ,    ,    ,    
5904,寶雅,櫃,12月12日,,517,-7,-1.34,277,144,524,525,525,516,1.72,21.4,9.49,    ,    ,    ,    ,    
6104,創惟,櫃,12月12日,,128,0.5,0.39,"2,725",350,127.5,128.5,130.5,127,2.75,,6.45,    ,    ,    ,    ,    
6121,新普,櫃,12月12日,,412.5,-3,-0.72,"1,489",614,415.5,415,417.5,409,2.05,12.8,2.18,    ,    ,    ,    ,    
6138,茂達,櫃,12月12日,,196,-4.5,-2.24,"4,757",958,200.5,204.5,207.5,196,5.74,33.3,4.77,    ,    ,    ,    ,    
6139,亞翔,市,12月12日,,163.5,5,3.15,"35,110","5,902",158.5,164.5,173,161.5,7.26,17.7,3.73,    ,    ,    ,    ,    
6146,耕興,櫃,12月12日,,235.5,-2.5,-1.05,361,86.2,238,240.5,243,235.5,3.15,16,4.67,    ,    ,    ,    ,    
6176,瑞儀,市,12月12日,,136,1.5,1.12,"4,552",621,134.5,135,137.5,134,2.6,10.5,1.83,    ,    ,    ,    ,    
6187,萬潤,櫃,12月12日,,139.5,4,2.95,"4,067",561,135.5,137,139.5,135,3.32,119,4.69,    ,    ,    ,    ,    
6196,帆宣,市,12月12日,,134,2,1.52,707,94.8,132,132.5,135,132.5,1.89,11.1,2.49,    ,    ,    ,    ,    
6204,艾華,櫃,12月12日,,113.5,-2.5,-2.16,223,25.5,116,114.5,116,113.5,2.16,6.5,8.47,    ,    ,    ,    ,    
6214,精誠,市,12月12日,,108,-1,-0.92,541,58.6,109,109.5,110,107.5,2.29,17.6,1.9,    ,    ,    ,    ,    
6223,旺矽,櫃,12月12日,,210,0.5,0.24,"1,031",219,209.5,213.5,215,210,2.39,15.5,2.7,    ,    ,    ,    ,    
6230,尼得科超眾,市,12月12日,,126.5,0,0,268,34.6,126.5,130,130,126,3.16,13.8,1.88,    ,    ,    ,    ,    
6231,系微,櫃,12月12日,,192,-2.5,-1.29,"2,176",421,194.5,193.5,196,190.5,2.83,39.3,8.43,    ,    ,    ,    ,    
6235,華孚,市,12月12日,,110.5,-1.5,-1.34,"3,612",403,112,112.5,114,110,3.57,28.3,5.45,    ,    ,    ,    ,    
6239,力成,市,12月12日,,131,8,6.5,"12,666","1,633",123,123,132,122.5,7.72,18.2,1.92,    ,    ,    ,    ,    
6245,立端,櫃,12月12日,,113.5,0,0,"2,807",322,113.5,115.5,117.5,113.5,3.52,12.9,3.07,    ,    ,    ,    ,    
6263,普萊德,櫃,12月12日,,129,0,0,71,9.14,129,129.5,129.5,128.5,0.78,15.4,5.25,    ,    ,    ,    ,    
6271,同欣電,市,12月12日,,158,-1.5,-0.94,"1,908",304,159.5,159.5,161,158,1.88,29.3,1.37,    ,    ,    ,    ,    
6274,台燿,櫃,12月12日,,120.5,-1.5,-1.23,"4,191",509,122,122.5,123.5,120,2.87,45.1,2.85,    ,    ,    ,    ,    
6279,胡連,櫃,12月12日,,154.5,-1.5,-0.96,458,71.1,156,156.5,157,154,1.92,18.9,2.63,    ,    ,    ,    ,    
6285,啟碁,市,12月12日,,155.5,6,4.01,"46,552","7,306",149.5,151.5,161.5,151,7.02,16.3,2.64,    ,    ,    ,    ,    
6291,沛亨,櫃,12月12日,,223.5,-6.5,-2.83,147,33.4,230,232,235,223.5,5,24.6,6.96,    ,    ,    ,    ,    
6294,智基,櫃,12月12日,,113,-0.5,-0.44,32,3.6,113.5,113,114,113,0.88,11.8,4.14,    ,    ,    ,    ,    
6409,旭隼,市,12月12日,,1585,5,0.32,143,227,1580,1600,1605,1570,2.22,36,18.1,    ,    ,    ,    ,    
6411,晶焱,櫃,12月12日,,125,1,0.81,"1,543",195,124,125.5,128,125,2.42,38.9,2.73,    ,    ,    ,    ,    
6412,群電,市,12月12日,,136.5,3,2.25,580,79.1,133.5,135.5,138,134,3,17.7,4.2,    ,    ,    ,    ,    
6414,樺漢,市,12月12日,,272,-2.5,-0.91,624,170,274.5,275,275.5,272,1.28,8.09,1.63,    ,    ,    ,    ,    
6415,矽力*-KY,市,12月12日,,399.5,-0.5,-0.12,"1,879",754,400,404.5,409,397.5,2.88,101,4.81,    ,    ,    ,    ,    
6435,大中,櫃,12月12日,,111.5,1,0.9,351,39.2,110.5,111.5,113,110.5,2.26,29.4,2.59,    ,    ,    ,    ,    
6438,迅得,市,12月12日,,104,-1,-0.95,669,69.7,105,105,105,103,1.9,11.3,1.99,    ,    ,    ,    ,    
6446,藥華藥,櫃,12月12日,,337.5,-1.5,-0.44,572,193,339,342.5,342.5,337,1.62,,4.68,    ,    ,    ,    ,    
6451,訊芯-KY,市,12月12日,,147,-5.5,-3.61,"3,623",552,152.5,154,158.5,146.5,7.87,62.8,2.37,    ,    ,    ,    ,    
6462,神盾,櫃,12月12日,,135.5,5,3.83,"11,005","1,455",130.5,132.5,135.5,128,5.75,,2.61,    ,    ,    ,    ,    
6469,大樹,櫃,12月12日,,344,-4.5,-1.29,330,114,348.5,350.5,350.5,344,1.87,58.1,12.9,    ,    ,    ,    ,    
6472,保瑞,櫃,12月12日,,622,2,0.32,816,510,620,628,632,621,1.77,21.7,8.14,    ,    ,    ,    ,    
6485,點序,櫃,12月12日,,118.5,0.5,0.42,"3,392",402,118,120,121.5,115,5.51,35,2.78,    ,    ,    ,    ,    
6488,環球晶,櫃,12月12日,,622,33,5.6,"4,765","2,922",589,592,622,592,5.09,12.8,4.09,    ,    ,    ,    ,    
6491,晶碩,市,12月12日,,396.5,-2,-0.5,598,238,398.5,400.5,401.5,396.5,1.25,18.7,3.31,    ,    ,    ,    ,    
6510,精測,櫃,12月12日,,567,-5,-0.87,313,179,572,577,578,567,1.92,96.6,2.47,    ,    ,    ,    ,    
6515,穎崴,市,12月12日,,845,8,0.96,"1,644","1,405",837,836,874,834,4.78,35.8,8.61,    ,    ,    ,    ,    
6523,達爾膚,櫃,12月12日,,148,-1,-0.67,166,24.6,149,147.5,149,147.5,1.01,16.4,4.32,    ,    ,    ,    ,    
6526,達發,市,12月12日,,546,-3,-0.55,507,278,549,554,554,542,2.19,81.7,10.7,    ,    ,    ,    ,    
6531,愛普*,市,12月12日,,443.5,13.5,3.14,"9,031","4,020",430,437.5,453.5,436,4.07,63,6.57,    ,    ,    ,    ,    
6533,晶心科,市,12月12日,,478.5,3.5,0.74,"1,394",667,475,477.5,484.5,471,2.84,,4.92,    ,    ,    ,    ,    
6538,倉和,櫃,12月12日,,193,-1.5,-0.77,"2,207",430,194.5,194.5,198.5,191.5,3.6,26.8,3.95,    ,    ,    ,    ,    
6546,正基,櫃,12月12日,,104.5,8.4,8.74,"8,822",913,96.1,96.4,105.5,96.3,9.57,26.6,3.62,    ,    ,    ,    ,    
6561,是方,櫃,12月12日,,327,-2.5,-0.76,78,25.5,329.5,329,329.5,326.5,0.91,28.2,7.6,    ,    ,    ,    ,    
6568,宏觀,櫃,12月12日,,158,0,0,92,14.7,158,160.5,160.5,157.5,1.9,41.4,3.36,    ,    ,    ,    ,    
6569,醫揚,櫃,12月12日,,169,0,0,125,21.3,169,168.5,172.5,168,2.66,21.3,3.89,    ,    ,    ,    ,    
6579,研揚,市,12月12日,,145,-1,-0.68,237,34.6,146,147,148.5,145,2.4,13.7,2.33,    ,    ,    ,    ,    
6585,鼎基,市,12月12日,,121,-4.5,-3.59,"1,013",124,125.5,127,127,120,5.58,24.4,2.76,    ,    ,    ,    ,    
6589,台康生技,櫃,12月12日,,103,0,0,613,62.9,103,103,103.5,102,1.46,,3.05,    ,    ,    ,    ,    
6592,和潤企業,市,12月12日,,127.5,-0.5,-0.39,424,54.3,128,128.5,128.5,127,1.17,19.9,2.41,    ,    ,    ,    ,    
6593,台灣銘板,櫃,12月12日,,197.5,4.5,2.33,"2,359",457,193,193,198,188.5,4.92,154,7.2,    ,    ,    ,    ,    
6605,帝寶,市,12月12日,,157.5,4,2.61,"1,890",297,153.5,158,159.5,155,2.93,12.6,1.6,    ,    ,    ,    ,    
6612,奈米醫材,櫃,12月12日,,128,-2.5,-1.92,83,10.7,130.5,131.5,131.5,128,2.68,34.1,4.36,    ,    ,    ,    ,    
6613,朋億*,櫃,12月12日,,135.5,0,0,334,45.5,135.5,135.5,136.5,135,1.11,10.6,2.65,    ,    ,    ,    ,    
6625,必應,市,12月12日,,104.5,1.5,1.46,545,56.3,103,103.5,105,101.5,3.4,17.3,5.97,    ,    ,    ,    ,    
6640,均華,櫃,12月12日,,147,-1.5,-1.01,11,1.7,148.5,149.5,149.5,147,1.68,79,3.69,    ,    ,    ,    ,    
6643,M31,櫃,12月12日,,1120,-10,-0.88,"2,022","2,272",1130,1135,1150,1100,4.42,80.8,20,    ,    ,    ,    ,    
6655,科定,市,12月12日,,115,-1,-0.86,6,0.69,116,116,116,115,0.86,33.8,3.93,    ,    ,    ,    ,    
6664,群翊,櫃,12月12日,,152,-6,-3.8,"1,267",195,158,159.5,159.5,151.5,5.06,11.5,3.07,    ,    ,    ,    ,    
6669,緯穎,市,12月12日,,1755,5,0.29,"2,203","3,892",1750,1775,1800,1735,3.71,24.6,7.6,    ,    ,    ,    ,    
6670,復盛應用,市,12月12日,,209.5,2.5,1.21,320,66.8,207,207,209.5,207,1.21,9.85,2.61,    ,    ,    ,    ,    
6679,鈺太,櫃,12月12日,,414,23.5,6.02,"2,446","1,000",390.5,393,422,391.5,7.81,63.7,4.46,    ,    ,    ,    ,    
6683,雍智科技,櫃,12月12日,,232,1,0.43,199,46,231,231,233,229,1.73,17.6,2.95,    ,    ,    ,    ,    
6689,伊雲谷,市,12月12日,,125,1,0.81,263,32.9,124,126,126,124,1.61,56.6,2.95,    ,    ,    ,    ,    
6690,安碁資訊,櫃,12月12日,,192,9,4.92,844,161,183,186,196.5,183.5,7.1,23,3.42,    ,    ,    ,    ,    
6691,洋基工程,市,12月12日,,326,11.5,3.66,"1,112",358,314.5,317.5,327.5,312,4.93,15.6,5.42,    ,    ,    ,    ,    
6703,軒郁,櫃,12月12日,,286.5,-11.5,-3.86,552,161,298,300.5,301,285.5,5.2,21.8,6.7,    ,    ,    ,    ,    
6712,長聖,櫃,12月12日,,194,0,0,278,54,194,196.5,196.5,192.5,2.06,25.4,8.15,    ,    ,    ,    ,    
6715,嘉基,市,12月12日,,146.5,-2.5,-1.68,166,24.4,149,149.5,149.5,146.5,2.01,20,3.25,    ,    ,    ,    ,    
6716,應廣,櫃,12月12日,,146,-7.5,-4.89,312,46,153.5,153.5,154,142,7.82,138,6.29,    ,    ,    ,    ,    
6719,力智,市,12月12日,,272.5,-3,-1.09,766,210,275.5,277.5,279,271.5,2.72,389,2.72,    ,    ,    ,    ,    
6728,上洋,櫃,12月12日,,137,0.5,0.37,22,3,136.5,136.5,137.5,136.5,0.73,15.2,3.38,    ,    ,    ,    ,    
6732,昇佳電子,櫃,12月12日,,438.5,-8.5,-1.9,"1,188",522,447,447,448.5,437,2.57,37.1,5.01,    ,    ,    ,    ,    
6741,91APP*-KY,櫃,12月12日,,107,-4.5,-4.04,"2,580",290,111.5,114.5,118,106.5,10.3,30.9,4.55,    ,    ,    ,    ,    
6747,亨泰光,櫃,12月12日,,189.5,-1.5,-0.79,6,1.06,191,191,192,189.5,1.31,23.2,3.64,    ,    ,    ,    ,    
6752,叡揚,櫃,12月12日,,136.5,-3,-2.15,156,21.5,139.5,141,141,136.5,3.23,24.3,4.58,    ,    ,    ,    ,    
6756,威鋒電子,市,12月12日,,235,-3,-1.26,469,111,238,241.5,242.5,234,3.57,75.8,5.67,    ,    ,    ,    ,    
6762,達亞,櫃,12月12日,,274,2,0.74,9,2.49,272,272,275,272,1.1,56.6,5.74,    ,    ,    ,    ,    
6763,綠界科技,櫃,12月12日,,465,1,0.22,24,11.1,464,465,465.5,465,0.11,21.4,2.99,    ,    ,    ,    ,    
6781,AES-KY,市,12月12日,,738,-2,-0.27,253,187,740,745,745,729,2.16,28.4,4.87,    ,    ,    ,    ,    
6782,視陽,市,12月12日,,178,-1,-0.56,153,27.4,179,179.5,181,177,2.23,35,3.84,    ,    ,    ,    ,    
6788,華景電,櫃,12月12日,,129,-2.5,-1.9,357,46.3,131.5,132,132,128,3.04,13.6,2.93,    ,    ,    ,    ,    
6789,采鈺,市,12月12日,,291,-6,-2.02,"1,941",566,297,300,300,287,4.38,163,5.55,    ,    ,    ,    ,    
6796,晉弘,市,12月12日,,106.5,0,0,51,5.44,106.5,106.5,107,106,0.94,47.5,4.74,    ,    ,    ,    ,    
6799,來頡,市,12月12日,,165.5,-1,-0.6,"2,840",481,166.5,169,173,164.5,5.11,31.3,5.1,    ,    ,    ,    ,    
6803,崑鼎,櫃,12月12日,,308.5,0.5,0.16,26,7.91,308,308,310,307,0.97,18.4,3.61,    ,    ,    ,    ,    
6805,富世達,市,12月12日,,385,14,3.77,"2,106",810,371,371,399,371,7.55,38.7,8.94,    ,    ,    ,    ,    
6806,森崴能源,市,12月12日,,112.5,1,0.9,"4,717",533,111.5,113,114.5,111.5,2.69,67,2.31,    ,    ,    ,    ,    
6811,宏碁資訊,櫃,12月12日,,286.5,0.5,0.17,378,109,286,293,293,285,2.8,24.2,6.38,    ,    ,    ,    ,    
6829,千附精密,櫃,12月12日,,113.5,-1.5,-1.3,721,83,115,117.5,117.5,113.5,3.48,30.6,3.68,    ,    ,    ,    ,    
6830,汎銓,市,12月12日,,141,3,2.17,364,51.5,138,141,143.5,140,2.54,22.1,2.63,    ,    ,    ,    ,    
6855,數泓科,櫃,12月12日,,111,0,0,235,26.1,111,111,115,107,7.21,17.2,3.28,    ,    ,    ,    ,    
6859,伯特光,櫃,12月12日,,127,-0.5,-0.39,16,1.96,127.5,127,127,125,1.57,29.3,2.71,    ,    ,    ,    ,    
6863,永道-KY,市,12月12日,,153,-2,-1.29,262,40.3,155,156.5,157,152.5,2.9,28.2,2.16,    ,    ,    ,    ,    
6870,騰雲,櫃,12月12日,,149.5,-5,-3.24,162,24.7,154.5,155,155,149.5,3.56,41.8,3.52,    ,    ,    ,    ,    
6873,泓德能源-創,市,12月12日,,114,1.5,1.33,111,12.5,112.5,112.5,114,112,1.78,14.7,2.27,    ,    ,    ,    ,    
6874,倍力,櫃,12月12日,,126,-5,-3.82,281,35.5,131,127.5,128.5,125,2.67,26.6,5.95,    ,    ,    ,    ,    
6894,衛司特,櫃,12月12日,,166.5,3.5,2.15,203,33.4,163,164,167,160.5,3.99,21.8,3.63,    ,    ,    ,    ,    
6895,宏碩系統,櫃,12月12日,,114,-0.5,-0.44,72,8.2,114.5,116,116,113.5,2.18,35.6,3.97,    ,    ,    ,    ,    
6902,走著瞧-創,市,12月12日,,177,2,1.14,2,0.36,175,178.5,178.5,177,0.86,,11.6,    ,    ,    ,    ,    
6904,伯鑫,櫃,12月12日,,155,2,1.31,50,7.79,153,153,156.5,153,2.29,14.7,3.49,    ,    ,    ,    ,    
6922,宸曜,櫃,12月12日,,118.5,-0.5,-0.42,53,6.3,119,119,119.5,118.5,0.84,23.6,4.45,    ,    ,    ,    ,    
6933,AMAX-KY,市,12月12日,,311,-14.5,-4.45,953,304,325.5,322,334.5,305,9.06,,8.37,    ,    ,    ,    ,    
6937,天虹,市,12月12日,,213,98,85.2,"3,824",771,,200.5,216.5,189.5,23.5,,6.61,    ,    ,    ,    ,    
7556,意德士,櫃,12月12日,,107.5,-0.5,-0.46,11,1.2,108,111,111,107.5,3.24,21.7,2.98,    ,    ,    ,    ,    
8016,矽創,市,12月12日,,290,-3,-1.02,"1,801",528,293,293,297,290,2.39,19.3,3.34,    ,    ,    ,    ,    
8046,南電,市,12月12日,,248,-4.5,-1.78,"3,073",769,252.5,254,254,248,2.38,15.8,3.38,    ,    ,    ,    ,    
8069,元太,櫃,12月12日,,174.5,-1.5,-0.85,"5,028",882,176,177,177.5,174.5,1.7,23.7,4.26,    ,    ,    ,    ,    
8081,致新,市,12月12日,,255.5,-3,-1.16,449,115,258.5,260,260.5,255.5,1.93,16.2,3.2,    ,    ,    ,    ,    
8083,瑞穎,櫃,12月12日,,147,0,0,52,7.64,147,147,147,146,0.68,24.4,4.84,    ,    ,    ,    ,    
8084,巨虹,櫃,12月12日,,102.5,-1,-0.97,"1,036",104,103.5,105,105,98.5,6.28,3417,19.9,    ,    ,    ,    ,    
8086,宏捷科,櫃,12月12日,,138,-2.5,-1.78,"7,281","1,015",140.5,142.5,143.5,137,4.63,,3.7,    ,    ,    ,    ,    
8114,振樺電,市,12月12日,,115.5,0.5,0.43,86,9.91,115,116,116,115,0.87,19.1,2.34,    ,    ,    ,    ,    
8155,博智,櫃,12月12日,,165.5,4.5,2.8,"2,183",360,161,162.5,166.5,161.5,3.11,40.6,4.12,    ,    ,    ,    ,    
8210,勤誠,市,12月12日,,268,2,0.75,"8,610","2,321",266,267,274,264.5,3.57,47.1,6.37,    ,    ,    ,    ,    
8227,巨有科技,櫃,12月12日,,280.5,-8,-2.77,"3,754","1,077",288.5,291,294.5,280.5,4.85,90.8,13.6,    ,    ,    ,    ,    
8255,朋程,櫃,12月12日,,178,3.5,2.01,"1,175",208,174.5,176,178.5,175,2.01,21.4,2.38,    ,    ,    ,    ,    
8261,富鼎,市,12月12日,,101.5,-0.5,-0.49,"3,546",365,102,103,104.5,101,3.43,34.2,2.29,    ,    ,    ,    ,    
8279,生展,櫃,12月12日,,154,-3.5,-2.22,3,0.53,157.5,154,154,154,0,14.6,2.01,    ,    ,    ,    ,    
8299,群聯,櫃,12月12日,,523,4,0.77,"4,558","2,411",519,524,535,521,2.7,57.9,2.57,    ,    ,    ,    ,    
8341,日友,市,12月12日,,115.5,-1,-0.86,100,11.6,116.5,116.5,116.5,115,1.29,28.2,3.03,    ,    ,    ,    ,    
8416,實威,櫃,12月12日,,139,-0.5,-0.36,20,2.74,139.5,139,140,139,0.72,13.2,2.98,    ,    ,    ,    ,    
8422,可寧衛,市,12月12日,,180.5,0.5,0.28,101,18.3,180,181,181,180,0.56,17,3.27,    ,    ,    ,    ,    
8436,大江,櫃,12月12日,,171.5,-5,-2.83,"1,467",254,176.5,176.5,178,171.5,3.68,20.1,2.44,    ,    ,    ,    ,    
8442,威宏-KY,市,12月12日,,103,3.9,3.94,895,92.3,99.1,100.5,105.5,100.5,5.05,9.75,2.33,    ,    ,    ,    ,    
8446,華研,櫃,12月12日,,108.5,1.5,1.4,320,34.6,107,108,108.5,106.5,1.87,12.8,3.32,    ,    ,    ,    ,    
8454,富邦媒,市,12月12日,,506,-12,-2.32,665,340,518,520,520,506,2.7,34.8,13.6,    ,    ,    ,    ,    
8462,柏文,市,12月12日,,114,-0.5,-0.44,51,5.85,114.5,115.5,115.5,114,1.31,144,5.34,    ,    ,    ,    ,    
8464,億豐,市,12月12日,,344,-10.5,-2.96,465,160,354.5,353,354.5,341.5,3.67,18.2,4.38,    ,    ,    ,    ,    
8467,波力-KY,市,12月12日,,124.5,-1,-0.8,"1,470",181,125.5,125.5,125.5,120,4.38,21.3,3.27,    ,    ,    ,    ,    
8478,東哥遊艇,市,12月12日,,387.5,0.5,0.13,299,116,387,388,391,387,1.03,17.5,6.06,    ,    ,    ,    ,    
8499,鼎炫-KY,市,12月12日,,124.5,0.5,0.4,44,5.53,124,124,124.5,124,0.4,10.9,0.67,    ,    ,    ,    ,    
8932,智通,櫃,12月12日,,108.5,2.5,2.36,"1,103",120,106,106,111,106,4.72,265,8.28,    ,    ,    ,    ,    
8996,高力,市,12月12日,,229,-5,-2.14,"5,419","1,244",234,234.5,236.5,226.5,4.27,31.9,8.35,    ,    ,    ,    ,    
9802,鈺齊-KY,市,12月12日,,142.5,-4,-2.73,"2,491",359,146.5,147,147.5,142.5,3.41,13.3,2.06,    ,    ,    ,    ,    
9910,豐泰,市,12月12日,,178.5,-3,-1.65,"1,613",289,181.5,183.5,183.5,178,3.03,33.1,7.7,    ,    ,    ,    ,    
9914,美利達,市,12月12日,,177,-4.5,-2.48,783,139,181.5,181.5,182,176,3.31,23,2.46,    ,    ,    ,    ,    
9917,中保科,市,12月12日,,119.5,1.5,1.27,"1,018",121,118,119,120,118,1.69,20.4,4.46,    ,    ,    ,    ,    
9921,巨大,市,12月12日,,177,-3.5,-1.94,"1,420",253,180.5,182.5,182.5,176,3.6,20.8,2.06,    ,    ,    ,    ,    
9939,宏全,市,12月12日,,123,0.5,0.41,"1,434",177,122.5,123.5,124.5,122,2.04,15.3,2.19,    ,    ,    ,    ,    
9941,裕融,市,12月12日,,184,-0.5,-0.27,716,132,184.5,185,185.5,183.5,1.08,15.8,3.4,    ,    ,    ,    ,    
9942,茂順,市,12月12日,,135,0.5,0.37,191,25.7,134.5,135,136,134.5,1.12,11.7,2.97,    ,    ,    ,    ,    
9958,世紀鋼,市,12月12日,,181,2,1.12,"4,877",888,179,179.5,184.5,179.5,2.79,94.3,5.39,    ,    ,    ,    ,    
