0056,元大高股息,市,12月12日,,35.58,0.11,0.31,"25,499",908,35.47,35.65,35.67,35.56,0.31,,,    ,    ,    ,    ,    
006205,富邦上証,市,12月12日,,27.67,0.31,1.13,769,21.3,27.36,27.53,27.76,27.53,0.84,,,    ,    ,    ,    ,    
006206,元大上證50,市,12月12日,,26.45,0.35,1.34,189,5,26.1,26.31,26.51,26.31,0.77,,,    ,    ,    ,    ,    
00633L,富邦上証正2,市,12月12日,,29.2,0.73,2.56,"6,384",187,28.47,29.25,29.42,28.98,1.55,,,    ,    ,    ,    ,    
00640L,富邦日本正2,市,12月12日,,41.96,-0.04,-0.1,748,31.6,42,42.4,42.5,41.93,1.36,,,    ,    ,    ,    ,    
00645,富邦日本,市,12月12日,,32.1,0,0,609,19.6,32.1,32.23,32.27,32.05,0.69,,,    ,    ,    ,    ,    
00646,元大S&P500,市,12月12日,,45.35,0.23,0.51,"2,094",94.9,45.12,45.1,45.37,45.1,0.6,,,    ,    ,    ,    ,    
00652,富邦印度,市,12月12日,,34.48,0.13,0.38,211,7.26,34.35,34.35,34.53,34.35,0.52,,,    ,    ,    ,    ,    
00657,國泰日經225,市,12月12日,,38.75,0.05,0.13,282,11,38.7,38.93,38.96,38.75,0.54,,,    ,    ,    ,    ,    
00660,元大歐洲50,市,12月12日,,32.87,0,0,29,0.96,32.87,32.9,33.06,32.87,0.58,,,    ,    ,    ,    ,    
00661,元大日經225,市,12月12日,,41.81,-0.04,-0.1,"1,107",46.4,41.85,42.03,42.1,41.81,0.69,,,    ,    ,    ,    ,    
00668,國泰美國道瓊,市,12月12日,,41.71,0.15,0.36,61,2.54,41.56,41.64,41.72,41.64,0.19,,,    ,    ,    ,    ,    
00679B,元大美債20年,櫃,12月12日,,29.9,0,0,"36,943","1,103",29.9,29.89,29.93,29.8,0.43,,,    ,    ,    ,    ,    
00687B,國泰20年美債,櫃,12月12日,,31.18,0.01,0.03,"75,781","2,357",31.17,31.15,31.18,31.05,0.42,,,    ,    ,    ,    ,    
00690,兆豐藍籌30,市,12月12日,,28.35,0.01,0.04,501,14.2,28.34,28.47,28.59,28.34,0.88,,,    ,    ,    ,    ,    
00692,富邦公司治理,市,12月12日,,31.73,0.09,0.28,"2,557",81.2,31.64,31.81,31.84,31.67,0.54,,,    ,    ,    ,    ,    
00693U,期街口S&P黃豆,市,12月12日,,27.42,0.34,1.26,76,2.09,27.08,27.54,27.6,27.42,0.66,,,    ,    ,    ,    ,    
00694B,富邦美債1-3,櫃,12月12日,,39.93,0.02,0.05,194,7.74,39.91,39.92,39.94,39.9,0.1,,,    ,    ,    ,    ,    
00695B,富邦美債7-10,櫃,12月12日,,34.51,0.06,0.17,178,6.14,34.45,34.45,34.52,34.42,0.29,,,    ,    ,    ,    ,    
00696B,富邦美債20年,櫃,12月12日,,31.58,-0.01,-0.03,"5,994",189,31.59,31.49,31.6,31.47,0.41,,,    ,    ,    ,    ,    
00697B,元大美債7-10,櫃,12月12日,,35.35,0.04,0.11,120,4.24,35.31,35.26,35.36,35.26,0.28,,,    ,    ,    ,    ,    
00701,國泰股利精選30,市,12月12日,,26.13,0.06,0.23,944,24.7,26.07,26.11,26.13,26.06,0.27,,,    ,    ,    ,    ,    
00707R,期元大S&P日圓反1,市,12月12日,,27.1,0.07,0.26,3,0.08,27.03,27.04,27.1,27.04,0.22,,,    ,    ,    ,    ,    
00708L,期元大S&P黃金正2,市,12月12日,,25.98,-0.32,-1.22,963,25,26.3,25.96,26,25.89,0.42,,,    ,    ,    ,    ,    
00709,富邦歐洲,市,12月12日,,26.21,0.17,0.65,48,1.25,26.04,26.12,26.21,26.12,0.35,,,    ,    ,    ,    ,    
00719B,元大美債1-3,櫃,12月12日,,31.07,0.01,0.03,991,30.8,31.06,31.07,31.08,31.03,0.16,,,    ,    ,    ,    ,    
00720B,元大投資級公司債,櫃,12月12日,,35.03,0.05,0.14,"17,118",599,34.98,34.97,35.03,34.92,0.31,,,    ,    ,    ,    ,    
00721B,元大中國債3-5,櫃,12月12日,,44.66,-0.15,-0.33,54,2.4,44.81,44.85,44.85,44.66,0.42,,,    ,    ,    ,    ,    
00722B,群益投資級電信債,櫃,12月12日,,37.96,0.06,0.16,"4,367",165,37.9,37.9,37.96,37.82,0.37,,,    ,    ,    ,    ,    
00723B,群益投資級科技債,櫃,12月12日,,34.03,-0.05,-0.15,179,6.09,34.08,33.92,34.03,33.89,0.41,,,    ,    ,    ,    ,    
00724B,群益投資級金融債,櫃,12月12日,,33.81,0.08,0.24,"3,570",120,33.73,33.78,33.82,33.68,0.42,,,    ,    ,    ,    ,    
00725B,國泰投資級公司債,櫃,12月12日,,37.24,0.04,0.11,"1,655",61.6,37.2,37.17,37.24,37.13,0.3,,,    ,    ,    ,    ,    
00726B,國泰5Y+新興債,櫃,12月12日,,33.69,-0.01,-0.03,309,10.4,33.7,33.7,33.72,33.55,0.5,,,    ,    ,    ,    ,    
00727B,國泰1-5Y非投等債,櫃,12月12日,,38.71,-0.02,-0.05,148,5.74,38.73,38.63,38.71,38.63,0.21,,,    ,    ,    ,    ,    
00728,第一金工業30,市,12月12日,,27.04,0.05,0.19,798,21.6,26.99,27.1,27.18,27,0.67,,,    ,    ,    ,    ,    
00735,國泰臺韓科技,市,12月12日,,29.71,0.07,0.24,138,4.12,29.64,29.85,29.85,29.71,0.47,,,    ,    ,    ,    ,    
00737,國泰AI+Robo,市,12月12日,,29.88,0.23,0.78,163,4.88,29.65,29.79,29.9,29.79,0.37,,,    ,    ,    ,    ,    
00740B,富邦全球投等債,櫃,12月12日,,39.84,0.04,0.1,"3,772",150,39.8,39.8,39.85,39.73,0.3,,,    ,    ,    ,    ,    
00741B,富邦全球非投等債,櫃,12月12日,,37.25,-0.03,-0.08,105,3.91,37.28,37.23,37.25,37.23,0.05,,,    ,    ,    ,    ,    
00746B,富邦A級公司債,櫃,12月12日,,36.59,0.01,0.03,"3,693",135,36.58,36.46,36.62,36.46,0.44,,,    ,    ,    ,    ,    
00749B,凱基新興債10+,櫃,12月12日,,31.6,-0.02,-0.06,101,3.18,31.62,31.6,31.6,31.6,0,,,    ,    ,    ,    ,    
00750B,凱基科技債10+,櫃,12月12日,,35.34,0.01,0.03,100,3.53,35.33,35.34,35.34,35.34,0,,,    ,    ,    ,    ,    
00751B,元大AAA至A公司債,櫃,12月12日,,34.94,0.02,0.06,"19,253",671,34.92,34.87,34.94,34.81,0.37,,,    ,    ,    ,    ,    
00754B,群益AAA-AA公司債,櫃,12月12日,,36.57,-0.01,-0.03,101,3.7,36.58,36.52,36.57,36.52,0.14,,,    ,    ,    ,    ,    
00755B,群益投資級公用債,櫃,12月12日,,33.9,0.06,0.18,107,3.61,33.84,33.79,33.9,33.78,0.35,,,    ,    ,    ,    ,    
00756B,群益投等新興公債,櫃,12月12日,,32.7,0.1,0.31,429,14,32.6,32.59,32.7,32.56,0.43,,,    ,    ,    ,    ,    
00761B,國泰A級公司債,櫃,12月12日,,36.89,0,0,942,34.7,36.89,36.8,36.91,36.79,0.33,,,    ,    ,    ,    ,    
00762,元大全球AI,市,12月12日,,48.38,0.17,0.35,175,8.45,48.21,48.4,48.4,48.25,0.31,,,    ,    ,    ,    ,    
00764B,群益25年美債,櫃,12月12日,,31.06,0,0,"3,890",121,31.06,31.04,31.06,30.93,0.42,,,    ,    ,    ,    ,    
00770,國泰北美科技,市,12月12日,,38.54,0.36,0.94,88,3.4,38.18,38.45,38.54,38.44,0.26,,,    ,    ,    ,    ,    
00772B,中信高評級公司債,櫃,12月12日,,35.69,0.04,0.11,"8,131",290,35.65,35.62,35.69,35.57,0.34,,,    ,    ,    ,    ,    
00773B,中信優先金融債,櫃,12月12日,,36.29,0.06,0.17,"3,332",121,36.23,36.22,36.29,36.16,0.36,,,    ,    ,    ,    ,    
00775B,新光投等債15+,市,12月12日,,33.89,0,0,8,0.26,33.89,33.86,33.89,33.86,0.09,,,    ,    ,    ,    ,    
00777B,凱基AAA至A公司債,櫃,12月12日,,35.36,0,0,100,3.54,35.36,35.36,35.36,35.36,0,,,    ,    ,    ,    ,    
00778B,凱基金融債20+,櫃,12月12日,,35.98,0.1,0.28,105,3.78,35.88,35.97,35.98,35.97,0.03,,,    ,    ,    ,    ,    
00779B,凱基美債25+,櫃,12月12日,,31.42,0.11,0.35,111,3.48,31.31,31.21,31.42,31.21,0.67,,,    ,    ,    ,    ,    
00780B,國泰A級金融債,櫃,12月12日,,35.78,-0.05,-0.14,201,7.17,35.83,35.68,35.78,35.67,0.31,,,    ,    ,    ,    ,    
00781B,國泰A級科技債,櫃,12月12日,,33.38,0.03,0.09,163,5.43,33.35,33.25,33.38,33.25,0.39,,,    ,    ,    ,    ,    
00782B,國泰A級公用債,櫃,12月12日,,32.28,0.08,0.25,225,7.26,32.2,32.2,32.29,32.14,0.47,,,    ,    ,    ,    ,    
00784B,富邦中國投等債,櫃,12月12日,,36.75,0.01,0.03,100,3.67,36.74,36.73,36.75,36.73,0.05,,,    ,    ,    ,    ,    
00785B,富邦金融投等債,櫃,12月12日,,35,0.11,0.32,101,3.53,34.89,34.9,35,34.9,0.29,,,    ,    ,    ,    ,    
00786B,元大10年IG銀行債,櫃,12月12日,,33.48,0.02,0.06,653,21.9,33.46,33.49,33.49,33.4,0.27,,,    ,    ,    ,    ,    
00787B,元大10年IG醫療債,櫃,12月12日,,34.97,-0.02,-0.06,783,27.4,34.99,34.92,35.01,34.91,0.29,,,    ,    ,    ,    ,    
00788B,元大10年IG電能債,櫃,12月12日,,31.55,0,0,662,20.9,31.55,31.47,31.55,31.46,0.29,,,    ,    ,    ,    ,    
00792B,群益A級公司債,櫃,12月12日,,33.95,-0.04,-0.12,107,3.62,33.99,33.9,33.97,33.88,0.26,,,    ,    ,    ,    ,    
00793B,群益AAA-A醫療債,櫃,12月12日,,33.1,-0.03,-0.09,111,3.66,33.13,33.09,33.1,33.07,0.09,,,    ,    ,    ,    ,    
00794B,群益7+中國政金債,櫃,12月12日,,39.11,0,0,212,8.29,39.11,39.13,39.14,39.11,0.08,,,    ,    ,    ,    ,    
00795B,中信美國公債20年,櫃,12月12日,,30.19,0,0,"9,072",273,30.19,30.15,30.21,30.07,0.46,,,    ,    ,    ,    ,    
00799B,國泰A級醫療債,櫃,12月12日,,32.64,-0.01,-0.03,123,4.01,32.65,32.5,32.66,32.5,0.49,,,    ,    ,    ,    ,    
00830,國泰費城半導體,市,12月12日,,35.69,1.19,3.45,"30,733","1,097",34.5,35.73,35.75,35.66,0.26,,,    ,    ,    ,    ,    
00831B,新光美債1-3,櫃,12月12日,,38.75,-0.05,-0.13,2,0.08,38.8,38.75,38.75,38.75,0,,,    ,    ,    ,    ,    
00834B,第一金金融債10+,櫃,12月12日,,34.09,0.07,0.21,100,3.41,34.02,34.09,34.09,34.09,0,,,    ,    ,    ,    ,    
00836B,永豐10年A公司債,櫃,12月12日,,31.2,0.02,0.06,104,3.25,31.18,31.14,31.21,31.14,0.22,,,    ,    ,    ,    ,    
00840B,凱基IG精選15+,櫃,12月12日,,31.83,-0.01,-0.03,100,3.18,31.84,31.83,31.83,31.83,0,,,    ,    ,    ,    ,    
00841B,凱基AAA-AA公司債,櫃,12月12日,,31.61,-0.01,-0.03,100,3.16,31.62,31.61,31.61,31.61,0,,,    ,    ,    ,    ,    
00842B,台新美元銀行債,櫃,12月12日,,32.5,0.04,0.12,119,3.87,32.46,32.41,32.52,32.41,0.34,,,    ,    ,    ,    ,    
00844B,新光15年IG金融債,櫃,12月12日,,32.4,0.1,0.31,2,0.06,32.3,32.4,32.4,32.4,0,,,    ,    ,    ,    ,    
00845B,富邦新興投等債,櫃,12月12日,,31.79,-0.08,-0.25,100,3.18,31.87,31.79,31.79,31.79,0,,,    ,    ,    ,    ,    
00846B,富邦歐洲銀行債,櫃,12月12日,,33.8,0.06,0.18,102,3.45,33.74,33.71,33.8,33.71,0.27,,,    ,    ,    ,    ,    
00847B,中信美國市政債,櫃,12月12日,,27.19,-0.02,-0.07,230,6.25,27.21,27.16,27.21,27.16,0.18,,,    ,    ,    ,    ,    
00848B,中信新興亞洲債,櫃,12月12日,,34.59,-0.03,-0.09,114,3.94,34.62,34.55,34.6,34.55,0.14,,,    ,    ,    ,    ,    
00849B,中信EM主權債0-5,櫃,12月12日,,36.23,-0.01,-0.03,112,4.06,36.24,36.16,36.23,36.16,0.19,,,    ,    ,    ,    ,    
00850,元大臺灣ESG永續,市,12月12日,,34,0.05,0.15,"1,924",65.5,33.95,34.12,34.15,33.96,0.56,,,    ,    ,    ,    ,    
00851,台新全球AI,市,12月12日,,36.4,0.36,1,18,0.66,36.04,36.39,36.42,36.39,0.08,,,    ,    ,    ,    ,    
00853B,統一美債10年Aa-A,櫃,12月12日,,29.56,0.03,0.1,"1,006",29.7,29.53,29.5,29.58,29.46,0.41,,,    ,    ,    ,    ,    
00856B,永豐1-3年美公債,櫃,12月12日,,38.08,0.05,0.13,107,4.08,38.03,38.04,38.09,38.04,0.13,,,    ,    ,    ,    ,    
00857B,永豐20年美公債,櫃,12月12日,,25.95,-0.01,-0.04,"5,673",147,25.96,25.91,25.96,25.85,0.42,,,    ,    ,    ,    ,    
00858,永豐美國500大,櫃,12月12日,,28.18,0.12,0.43,258,7.27,28.06,28.14,28.2,28.12,0.29,,,    ,    ,    ,    ,    
00859B,群益0-1年美債,櫃,12月12日,,41.08,0.01,0.02,126,5.18,41.07,41.05,41.09,41.05,0.1,,,    ,    ,    ,    ,    
00860B,群益1-5Y投資級債,櫃,12月12日,,37.74,-0.03,-0.08,140,5.26,37.77,37.6,37.74,37.6,0.37,,,    ,    ,    ,    ,    
00861,元大全球未來通訊,市,12月12日,,33.74,0.43,1.29,"1,062",35.8,33.31,33.64,33.84,33.64,0.6,,,    ,    ,    ,    ,    
00862B,中信投資級公司債,櫃,12月12日,,32.8,0.04,0.12,"1,483",48.6,32.76,32.73,32.81,32.7,0.34,,,    ,    ,    ,    ,    
00863B,中信全球電信債,櫃,12月12日,,33.32,-0.01,-0.03,104,3.47,33.33,33.28,33.32,33.27,0.15,,,    ,    ,    ,    ,    
00864B,中信美國公債0-1,櫃,12月12日,,43.32,-0.06,-0.14,790,34.2,43.38,43.31,43.34,43.31,0.07,,,    ,    ,    ,    ,    
00865B,國泰US短期公債,市,12月12日,,43.17,-0.11,-0.25,441,19,43.28,43.18,43.22,43.11,0.25,,,    ,    ,    ,    ,    
00867B,新光A-BBB電信債,櫃,12月12日,,32.32,0.01,0.03,209,6.76,32.31,32.33,32.33,32.32,0.03,,,    ,    ,    ,    ,    
00870B,元大15年EM主權債,櫃,12月12日,,29.52,0,0,0,0,29.52,29.52,29.52,29.52,0,,,    ,    ,    ,    ,    
00875,國泰網路資安,市,12月12日,,30.16,0.39,1.31,715,21.6,29.77,30.08,30.16,30.08,0.27,,,    ,    ,    ,    ,    
00876,元大全球5G,市,12月12日,,31.82,0.39,1.24,"1,604",51.1,31.43,31.88,31.9,31.78,0.38,,,    ,    ,    ,    ,    
00883B,中信ESG投資級債,櫃,12月12日,,32.39,0.1,0.31,272,8.79,32.29,32.27,32.39,32.26,0.4,,,    ,    ,    ,    ,    
00884B,中信低碳新興債,櫃,12月12日,,30.32,-0.07,-0.23,214,6.47,30.39,30.27,30.32,30.27,0.16,,,    ,    ,    ,    ,    
00886,永豐美國科技,櫃,12月12日,,26.25,0.37,1.43,63,1.66,25.88,26.22,26.26,26.21,0.19,,,    ,    ,    ,    ,    
00890B,凱基ESGBBB債15+,櫃,12月12日,,33.6,0.07,0.21,418,14,33.53,33.5,33.62,33.5,0.36,,,    ,    ,    ,    ,    
020007,凱基臺灣500N,市,12月12日,,36.75,0,0,0,0,36.75,36.75,36.75,36.75,0,,,    ,    ,    ,    ,    
1101,台泥,市,12月12日,,34.15,-0.25,-0.73,"9,012",308,34.4,34.4,34.4,34.1,0.87,29.7,1.13,    ,    ,    ,    ,    
1101B,台泥乙特,市,12月12日,,48.3,0.05,0.1,6,0.27,48.25,48.15,48.3,48.15,0.31,,,    ,    ,    ,    ,    
1102,亞泥,市,12月12日,,42.15,0.3,0.72,"7,371",310,41.85,42,42.2,41.9,0.72,13.8,0.89,    ,    ,    ,    ,    
1104,環泥,市,12月12日,,29.65,0.45,1.54,"2,419",71.6,29.2,29.5,29.75,29.3,1.54,8.85,0.91,    ,    ,    ,    ,    
1227,佳格,市,12月12日,,38.75,-0.35,-0.9,943,36.5,39.1,39.2,39.2,38.55,1.66,29.8,2.02,    ,    ,    ,    ,    
1233,天仁,市,12月12日,,34.75,-0.1,-0.29,2,0.07,34.85,34.75,34.75,34.75,0,30.2,2.16,    ,    ,    ,    ,    
1234,黑松,市,12月12日,,39.45,0,0,99,3.91,39.45,39.35,39.45,39.3,0.38,16.4,0.86,    ,    ,    ,    ,    
1240,茂生農經,櫃,12月12日,,47.15,0.1,0.21,25,1.18,47.05,47.05,47.65,47.05,1.28,16.8,1.45,    ,    ,    ,    ,    
1307,三芳,市,12月12日,,26.4,-0.4,-1.49,683,18,26.8,26.75,26.8,26,2.99,15.5,1.15,    ,    ,    ,    ,    
1312A,國喬特,市,12月12日,,25.75,0,0,0,0,25.75,25.75,25.75,25.75,0,,,    ,    ,    ,    ,    
1321,大洋,市,12月12日,,38.55,-0.05,-0.13,164,6.33,38.6,38.6,38.6,38.4,0.52,104,1.48,    ,    ,    ,    ,    
1323,永裕,市,12月12日,,31.15,0,0,36,1.12,31.15,31.1,31.15,31.05,0.32,22.7,1.15,    ,    ,    ,    ,    
1325,恆大,市,12月12日,,32.7,-1.8,-5.22,"1,711",56.9,34.5,34.35,34.35,32.65,4.93,81.8,1,    ,    ,    ,    ,    
1338,廣華-KY,市,12月12日,,43.8,0.95,2.22,253,10.9,42.85,43.1,43.8,42.5,3.03,,0.59,    ,    ,    ,    ,    
1402,遠東新,市,12月12日,,31,0.1,0.32,"5,382",166,30.9,31.05,31.1,30.8,0.97,27,0.76,    ,    ,    ,    ,    
1410,南染,市,12月12日,,37.45,-0.25,-0.66,144,5.41,37.7,37.7,37.95,37.2,1.99,63.5,2.19,    ,    ,    ,    ,    
1419,新紡,市,12月12日,,46.6,0.25,0.54,43,1.99,46.35,46.9,46.95,46.4,1.19,21.6,1.12,    ,    ,    ,    ,    
1423,利華,市,12月12日,,31.25,0.2,0.64,59,1.85,31.05,31.15,31.25,31.05,0.64,43.4,1.13,    ,    ,    ,    ,    
1434,福懋,市,12月12日,,25.4,0.05,0.2,653,16.6,25.35,25.55,25.55,25.35,0.79,50.8,0.78,    ,    ,    ,    ,    
1435,中福,市,12月12日,,42.4,3.85,9.99,"1,081",43.4,38.55,39.65,42.4,39.65,7.13,,6.04,    ,    ,    ,    ,    
1437,勤益控,市,12月12日,,29.75,-0.1,-0.34,821,23.6,29.85,29.75,29.85,29.7,0.5,10.5,0.81,    ,    ,    ,    ,    
1438,三地開發,市,12月12日,,30.6,0.15,0.49,110,3.35,30.45,30.6,30.7,30.45,0.82,,1.48,    ,    ,    ,    ,    
1442,名軒,市,12月12日,,37.95,-0.1,-0.26,646,24.5,38.05,38.1,38.3,37.75,1.45,18.7,2.43,    ,    ,    ,    ,    
1443,立益物流,市,12月12日,,28.7,0.2,0.7,22,0.62,28.5,28.55,28.7,28.5,0.7,21.1,2.04,    ,    ,    ,    ,    
1446,宏和,市,12月12日,,38.15,0.05,0.13,87,3.31,38.1,38.4,38.4,38.05,0.92,,3.8,    ,    ,    ,    ,    
1473,台南,市,12月12日,,29.3,-0.55,-1.84,486,14.2,29.85,30.05,30.1,28.65,4.86,14.2,1.14,    ,    ,    ,    ,    
1475,業旺,市,12月12日,,43.45,-0.05,-0.11,20,0.89,43.5,43.6,43.95,43.45,1.15,4.61,2.36,    ,    ,    ,    ,    
1504,東元,市,12月12日,,45.1,-0.6,-1.31,"9,328",423,45.7,45.55,45.8,45.1,1.53,16.5,1.2,    ,    ,    ,    ,    
1521,大億,市,12月12日,,44.7,3.55,8.63,"1,329",58.7,41.15,43.4,45.2,42.4,6.8,39.6,1.86,    ,    ,    ,    ,    
1522,堤維西,市,12月12日,,42.65,0.1,0.24,"6,183",262,42.55,43.1,43.1,41.75,3.17,14.7,1.61,    ,    ,    ,    ,    
1522A,堤維西甲特,市,12月12日,,45.1,0,0,4,0.2,45.1,45.1,45.1,45.1,0,,,    ,    ,    ,    ,    
1524,耿鼎,市,12月12日,,36.7,-0.55,-1.48,"32,940","1,225",37.25,37.8,38.3,36.5,4.83,19.6,2.29,    ,    ,    ,    ,    
1526,日馳,市,12月12日,,33.7,-0.1,-0.3,68,2.3,33.8,33.8,33.8,33.5,0.89,14,1.38,    ,    ,    ,    ,    
1527,鑽全,市,12月12日,,41.1,0.35,0.86,387,15.9,40.75,40.7,41.25,40.7,1.35,14.1,1.21,    ,    ,    ,    ,    
1529,樂事綠能,市,12月12日,,34.5,-0.25,-0.72,"4,505",158,34.75,34.8,35.95,34.4,4.46,55.6,3.04,    ,    ,    ,    ,    
1530,亞崴,市,12月12日,,32.35,0.15,0.47,48,1.55,32.2,32.3,32.35,32,1.09,13.9,0.95,    ,    ,    ,    ,    
1532,勤美,市,12月12日,,38.5,-0.1,-0.26,869,33.5,38.6,38.55,38.7,38.35,0.91,17,1.11,    ,    ,    ,    ,    
1541,錩泰,市,12月12日,,32.4,-1.1,-3.28,385,12.6,33.5,33.75,33.8,31.9,5.67,,1.34,    ,    ,    ,    ,    
1568,倉佑,市,12月12日,,35,-0.4,-1.13,"2,070",73.1,35.4,35.65,35.8,35,2.26,10.6,1.97,    ,    ,    ,    ,    
1584,精剛,櫃,12月12日,,38.4,3.05,8.63,"32,620","1,232",35.35,35.8,38.85,35.8,8.63,24.6,2.18,    ,    ,    ,    ,    
1586,和勤,櫃,12月12日,,33,-0.25,-0.75,241,7.99,33.25,33.15,33.6,32.8,2.41,,1.82,    ,    ,    ,    ,    
1595,川寶,櫃,12月12日,,37.9,0,0,35,1.33,37.9,37.95,38,37.9,0.26,27.5,0.68,    ,    ,    ,    ,    
1598,岱宇,市,12月12日,,36.25,-0.3,-0.82,346,12.6,36.55,36.65,36.95,36.25,1.92,,1.22,    ,    ,    ,    ,    
1599,宏佳騰,櫃,12月12日,,34.6,-0.25,-0.72,94,3.24,34.85,34.85,34.85,34.55,0.86,27.7,1.28,    ,    ,    ,    ,    
1603,華電,市,12月12日,,39.75,1.25,3.25,"9,864",386,38.5,39,40.15,38.4,4.55,15.5,1.02,    ,    ,    ,    ,    
1604,聲寶,市,12月12日,,28.85,0,0,230,6.64,28.85,28.8,28.9,28.75,0.52,15.3,1.29,    ,    ,    ,    ,    
1605,華新,市,12月12日,,37.45,0.65,1.77,"16,747",627,36.8,37.2,37.6,37.1,1.36,26.8,1.05,    ,    ,    ,    ,    
1609,大亞,市,12月12日,,35.6,-0.2,-0.56,"28,645","1,034",35.8,36.15,36.75,35.6,3.21,8.68,1.86,    ,    ,    ,    ,    
1612,宏泰,市,12月12日,,30.25,0.75,2.54,"36,976","1,133",29.5,30.3,31.75,29.9,6.27,16.4,1.32,    ,    ,    ,    ,    
1614,三洋電,市,12月12日,,38.1,0,0,66,2.52,38.1,38,38.25,37.95,0.79,31.2,1.8,    ,    ,    ,    ,    
1615,大山,市,12月12日,,45.95,4.15,9.93,"3,068",141,41.8,45.9,45.95,45.3,1.56,14.3,2.7,    ,    ,    ,    ,    
1618,合機,市,12月12日,,36.9,0.6,1.65,"64,986","2,469",36.3,38.1,39.8,36.6,8.82,22.9,1.49,    ,    ,    ,    ,    
1702,南僑,市,12月12日,,49.65,-0.35,-0.7,746,37.1,50,50.2,50.4,49.45,1.9,16.1,1.28,    ,    ,    ,    ,    
1708,東鹼,市,12月12日,,32.55,0.05,0.15,329,10.7,32.5,32.5,32.85,32.5,1.08,,1.25,    ,    ,    ,    ,    
1712,興農,市,12月12日,,38.1,0.15,0.4,708,26.9,37.95,38,38.1,37.9,0.53,14.8,1.93,    ,    ,    ,    ,    
1713,國化,市,12月12日,,41.75,-0.85,-2,287,12,42.6,42.35,42.6,40.95,3.87,16.8,2.27,    ,    ,    ,    ,    
1717,長興,市,12月12日,,28.9,-0.05,-0.17,758,22,28.95,29.2,29.2,28.9,1.04,23.5,1.36,    ,    ,    ,    ,    
1727,中華化,市,12月12日,,29.5,-0.4,-1.34,568,16.8,29.9,30.05,30.05,29.45,2.01,29.8,1.89,    ,    ,    ,    ,    
1732,毛寶,市,12月12日,,28.25,-0.85,-2.92,473,13.5,29.1,29.1,29.1,28.25,2.92,,2.48,    ,    ,    ,    ,    
1733,五鼎,市,12月12日,,32.45,0.3,0.93,"2,108",68.9,32.15,32.55,33.35,32.1,3.89,22.5,1.82,    ,    ,    ,    ,    
1734,杏輝,市,12月12日,,33.4,0.05,0.15,356,11.9,33.35,33.45,33.7,33.4,0.9,20.2,1.85,    ,    ,    ,    ,    
1737,臺鹽,市,12月12日,,34.15,0.05,0.15,117,3.99,34.1,34.1,34.2,34,0.59,17.5,1.05,    ,    ,    ,    ,    
1783,和康生,市,12月12日,,47.6,-0.3,-0.63,157,7.47,47.9,48.2,48.2,47.4,1.67,22,3.09,    ,    ,    ,    ,    
1785,光洋科,櫃,12月12日,,39.45,0.3,0.77,"1,267",50,39.15,39.6,39.65,39.2,1.15,20.3,1.82,    ,    ,    ,    ,    
1789,神隆,市,12月12日,,26.1,-0.1,-0.38,456,11.9,26.2,26.25,26.3,26.05,0.95,90,2.02,    ,    ,    ,    ,    
1799,易威,櫃,12月12日,,38.95,-0.05,-0.13,123,4.77,39,38.6,39.1,38.2,2.31,,6.94,    ,    ,    ,    ,    
1817,凱撒衛,市,12月12日,,37.05,0.1,0.27,144,5.33,36.95,37,37.05,36.9,0.41,12.2,1.36,    ,    ,    ,    ,    
1904,正隆,市,12月12日,,29.55,-0.6,-1.99,"1,225",36.4,30.15,30.1,30.1,29.5,1.99,42.8,1.16,    ,    ,    ,    ,    
1907,永豐餘,市,12月12日,,34.55,0,0,"2,080",71.4,34.55,34.6,34.65,34.05,1.74,44.9,1.02,    ,    ,    ,    ,    
2002,中鋼,市,12月12日,,25.45,-0.25,-0.97,"38,098",970,25.7,25.7,25.75,25.3,1.75,,1.27,    ,    ,    ,    ,    
2002A,中鋼特,市,12月12日,,43.7,0,0,12,0.52,43.7,43.7,43.7,43.65,0.11,,,    ,    ,    ,    ,    
2009,第一銅,市,12月12日,,31.6,0.7,2.27,"2,951",93.4,30.9,31,32,31,3.24,287,1.93,    ,    ,    ,    ,    
2020,美亞,市,12月12日,,30.05,-0.25,-0.83,451,13.6,30.3,30.55,30.55,30,1.82,9.39,1.84,    ,    ,    ,    ,    
2027,大成鋼,市,12月12日,,38.35,-0.05,-0.13,"3,961",152,38.4,38.65,38.65,38.3,0.91,16.6,1.24,    ,    ,    ,    ,    
2029,盛餘,市,12月12日,,30.1,0.65,2.21,"2,066",62.2,29.45,29.8,30.45,29.5,3.23,18.8,0.98,    ,    ,    ,    ,    
2034,允強,市,12月12日,,26.4,-0.15,-0.56,606,16,26.55,26.6,26.6,26.3,1.13,,1.33,    ,    ,    ,    ,    
2035,唐榮,櫃,12月12日,,33.2,0.05,0.15,42,1.39,33.15,33,33.2,32.8,1.21,,2.31,    ,    ,    ,    ,    
2062,橋椿,市,12月12日,,25.4,0.3,1.2,242,6.11,25.1,25.1,25.4,24.95,1.79,22.1,0.69,    ,    ,    ,    ,    
2070,精湛,櫃,12月12日,,31,0.4,1.31,38,1.18,30.6,30.6,31.75,30.6,3.76,18.9,1.29,    ,    ,    ,    ,    
2073,雄順,櫃,12月12日,,29.1,-0.15,-0.51,4,0.12,29.25,29,29.15,29,0.51,71,1.84,    ,    ,    ,    ,    
2101,南港,市,12月12日,,38.5,-0.35,-0.9,818,31.6,38.85,38.85,38.9,38.4,1.29,,3.07,    ,    ,    ,    ,    
2105,正新,市,12月12日,,46.3,0.9,1.98,"10,790",498,45.4,45.8,46.45,45.65,1.76,22.8,1.76,    ,    ,    ,    ,    
2106,建大,市,12月12日,,30.9,0,0,625,19.3,30.9,30.9,31.15,30.7,1.46,,1.47,    ,    ,    ,    ,    
2108,南帝,市,12月12日,,37.25,0.05,0.13,"1,783",66.3,37.2,37.2,37.25,36.8,1.21,26.4,1.28,    ,    ,    ,    ,    
2115,六暉-KY,市,12月12日,,29.95,0,0,58,1.73,29.95,30.05,30.05,29.85,0.67,14.8,0.97,    ,    ,    ,    ,    
2221,大甲,櫃,12月12日,,35.8,0.1,0.28,19,0.69,35.7,35.8,36.2,35.8,1.12,13.1,1.56,    ,    ,    ,    ,    
2235,謚源,櫃,12月12日,,44.25,0.15,0.34,7,0.32,44.1,44.15,44.25,44.15,0.23,27.8,1.23,    ,    ,    ,    ,    
2241,艾姆勒,市,12月12日,,31.75,0.1,0.32,399,12.5,31.65,31.6,31.85,31.05,2.53,,2.26,    ,    ,    ,    ,    
2258,鴻華先進-創,市,12月12日,,47.05,-0.45,-0.95,471,22.3,47.5,47.75,47.75,47,1.58,,6.17,    ,    ,    ,    ,    
2303,聯電,市,12月12日,,49.9,0.85,1.73,"48,760","2,419",49.05,49.45,49.9,49.2,1.43,9.22,1.78,    ,    ,    ,    ,    
2314,台揚,市,12月12日,,38.9,-0.9,-2.26,"2,890",113,39.8,39.6,40,38.9,2.76,,5.29,    ,    ,    ,    ,    
2316,楠梓電,市,12月12日,,37.9,-0.2,-0.52,"1,487",57.3,38.1,39.05,39.4,37.9,3.94,50.5,0.84,    ,    ,    ,    ,    
2324,仁寶,市,12月12日,,32,-0.2,-0.62,"19,556",628,32.2,32.55,32.6,31.85,2.33,20,1.15,    ,    ,    ,    ,    
2328,廣宇,市,12月12日,,34.7,0.15,0.43,"1,357",47.2,34.55,34.8,35.1,34.4,2.03,13.9,1.35,    ,    ,    ,    ,    
2331,精英,市,12月12日,,29.35,-0.75,-2.49,"6,489",193,30.1,30.3,30.45,29.3,3.82,24.7,1.37,    ,    ,    ,    ,    
2337,旺宏,市,12月12日,,28.9,0.55,1.94,"9,294",267,28.35,28.5,28.9,28.45,1.59,,1.09,    ,    ,    ,    ,    
2340,台亞,市,12月12日,,47.55,-0.35,-0.73,"1,415",67.8,47.9,48.1,48.5,47.55,1.98,68.9,2.47,    ,    ,    ,    ,    
2342,茂矽,市,12月12日,,34.3,-0.35,-1.01,419,14.4,34.65,34.55,34.75,34.2,1.59,,2.19,    ,    ,    ,    ,    
2344,華邦電,市,12月12日,,27.45,-0.35,-1.26,"22,578",625,27.8,28.1,28.2,27.35,3.06,,1.26,    ,    ,    ,    ,    
2348A,海悅甲特,市,12月12日,,33.6,0.15,0.45,1,0.03,33.45,33.6,33.6,33.6,0,,,    ,    ,    ,    ,    
2352,佳世達,市,12月12日,,44,0,0,"8,991",399,44,44.25,44.95,43.85,2.5,29.5,2.33,    ,    ,    ,    ,    
2353,宏碁,市,12月12日,,36.1,0.35,0.98,"19,525",706,35.75,36.05,36.4,35.85,1.54,35.4,1.44,    ,    ,    ,    ,    
2356,英業達,市,12月12日,,42.75,0.3,0.71,"20,481",875,42.45,42.75,42.9,42.45,1.06,27.6,2.53,    ,    ,    ,    ,    
2359,所羅門,市,12月12日,,38.6,-0.45,-1.15,"2,393",92.8,39.05,39.4,39.45,38.55,2.3,12.4,1.27,    ,    ,    ,    ,    
2362,藍天,市,12月12日,,33.65,0.05,0.15,358,12,33.6,33.75,33.8,33.55,0.74,19.8,0.46,    ,    ,    ,    ,    
2363,矽統,市,12月12日,,45.35,-0.65,-1.41,"26,016","1,197",46,46.35,46.95,45.2,3.8,58.9,1.98,    ,    ,    ,    ,    
2371,大同,市,12月12日,,44,-0.1,-0.23,"20,307",897,44.1,44.15,44.8,43.75,2.38,54.3,1.9,    ,    ,    ,    ,    
2374,佳能,市,12月12日,,27.1,1,3.83,"7,882",213,26.1,26.2,27.3,26.1,4.6,41.1,1.21,    ,    ,    ,    ,    
2393,億光,市,12月12日,,46.7,-0.25,-0.53,"1,014",47.5,46.95,46.55,47.05,46.55,1.06,16.2,1.12,    ,    ,    ,    ,    
2401,凌陽,市,12月12日,,36.1,-0.45,-1.23,"8,636",313,36.55,37,37,35.65,3.69,,2.44,    ,    ,    ,    ,    
2402,毅嘉,市,12月12日,,37.25,0.45,1.22,"45,026","1,701",36.8,37.3,38.8,36.6,5.98,23.9,1.77,    ,    ,    ,    ,    
2413,環科,市,12月12日,,31,0.5,1.64,"3,641",114,30.5,30.5,31.65,30.25,4.59,16.6,1.87,    ,    ,    ,    ,    
2414,精技,市,12月12日,,33.55,0.1,0.3,89,2.98,33.45,33.4,33.7,33.4,0.9,14.8,1.83,    ,    ,    ,    ,    
2415,錩新,市,12月12日,,29.35,-0.2,-0.68,104,3.05,29.55,29.75,29.75,29.15,2.03,,1.65,    ,    ,    ,    ,    
2417,圓剛,市,12月12日,,36.7,-2,-5.17,"7,339",274,38.7,39.05,39.05,36.35,6.98,,1.68,    ,    ,    ,    ,    
2419,仲琦,市,12月12日,,37.05,3.35,9.94,"12,505",446,33.7,34,37.05,33.7,9.94,68.6,2.34,    ,    ,    ,    ,    
2420,新巨,市,12月12日,,48.7,-0.45,-0.92,297,14.4,49.15,48.55,48.7,48.3,0.81,12.8,2.07,    ,    ,    ,    ,    
2423,固緯,市,12月12日,,38.85,0,0,540,20.9,38.85,38.85,39.2,38.35,2.19,14.6,2.14,    ,    ,    ,    ,    
2424,隴華,市,12月12日,,30.1,-0.2,-0.66,12,0.37,30.3,30.3,30.3,29.9,1.32,,5.94,    ,    ,    ,    ,    
2425,承啟,市,12月12日,,48.1,-0.25,-0.52,"3,655",175,48.35,48.3,49,47.2,3.72,25.3,2.09,    ,    ,    ,    ,    
2427,三商電,市,12月12日,,27.95,0.85,3.14,"9,892",277,27.1,27.15,28.45,27.1,4.98,25.6,2,    ,    ,    ,    ,    
2430,燦坤,市,12月12日,,38.85,0.2,0.52,103,3.98,38.65,38.7,38.85,38.6,0.65,13.8,1.02,    ,    ,    ,    ,    
2432,倚天酷碁-創,市,12月12日,,40.2,0,0,11,0.45,40.2,40,40.2,40,0.5,19.9,2.18,    ,    ,    ,    ,    
2434,統懋,市,12月12日,,33.35,0.05,0.15,4,0.14,33.3,32.75,33.35,32.75,1.8,,2.63,    ,    ,    ,    ,    
2450,神腦,市,12月12日,,38.35,-0.3,-0.78,452,17.3,38.65,38.2,38.5,38.15,0.91,13.3,1.57,    ,    ,    ,    ,    
2460,建通,市,12月12日,,29.2,0,0,968,28.5,29.2,29.45,29.95,29.05,3.08,,2.19,    ,    ,    ,    ,    
2462,良得電,市,12月12日,,39.5,0,0,"2,470",99,39.5,39.9,40.6,39.5,2.78,15.7,1.95,    ,    ,    ,    ,    
2464,盟立,市,12月12日,,36.25,0.05,0.14,297,10.7,36.2,36.2,36.25,36.1,0.41,129,1.75,    ,    ,    ,    ,    
2466,冠西電,市,12月12日,,37.4,0.05,0.13,16,0.61,37.35,37.5,37.6,37.3,0.8,,3.38,    ,    ,    ,    ,    
2468,華經,市,12月12日,,30.6,-2.35,-7.13,"3,061",95.5,32.95,32,32,30.55,4.4,29.7,1.76,    ,    ,    ,    ,    
2478,大毅,市,12月12日,,48.75,-0.25,-0.51,170,8.29,49,49.2,49.3,48.65,1.33,19.2,1.08,    ,    ,    ,    ,    
2482,連宇,市,12月12日,,40.3,-0.15,-0.37,508,20.5,40.45,40.75,40.75,40.2,1.36,12.4,2.35,    ,    ,    ,    ,    
2484,希華,市,12月12日,,33.7,0.35,1.05,"1,025",34.6,33.35,33.45,34.15,33.4,2.25,15.7,1.4,    ,    ,    ,    ,    
2486,一詮,市,12月12日,,44.25,-0.75,-1.67,"3,676",164,45,45,45.4,44.15,2.78,70.2,2.33,    ,    ,    ,    ,    
2488,漢平,市,12月12日,,39.75,0.3,0.76,364,14.4,39.45,39.45,39.85,39.45,1.01,9.31,1.3,    ,    ,    ,    ,    
2498,宏達電,市,12月12日,,48.3,-0.4,-0.82,"3,579",174,48.7,49.1,49.15,48.15,2.05,,1.64,    ,    ,    ,    ,    
2504,國產,市,12月12日,,27.55,-0.05,-0.18,992,27.4,27.6,27.7,27.7,27.5,0.72,10.7,1.38,    ,    ,    ,    ,    
2520,冠德,市,12月12日,,37.25,-0.45,-1.19,"3,512",131,37.7,37.55,37.65,37.1,1.46,9.24,1.06,    ,    ,    ,    ,    
2524,京城,市,12月12日,,31.8,0.4,1.27,458,14.7,31.4,31.8,33.4,31.5,6.05,14.2,0.67,    ,    ,    ,    ,    
2527,宏璟,市,12月12日,,28.15,0.05,0.18,521,14.7,28.1,28.25,28.3,27.95,1.25,14.4,0.71,    ,    ,    ,    ,    
2528,皇普,市,12月12日,,32.95,0.3,0.92,570,18.7,32.65,32.75,33.05,32.6,1.38,35.4,2.38,    ,    ,    ,    ,    
2530,華建,市,12月12日,,34.55,0.4,1.17,977,33.4,34.15,34,34.6,33.9,2.05,86.4,2.94,    ,    ,    ,    ,    
2535,達欣工,市,12月12日,,44.1,0,0,275,12.1,44.1,44.1,44.25,44,0.57,11.4,1.3,    ,    ,    ,    ,    
2536,宏普,市,12月12日,,28.95,-0.05,-0.17,253,7.34,29,29.2,29.2,28.9,1.03,,0.86,    ,    ,    ,    ,    
2539,櫻花建,市,12月12日,,49.8,0.2,0.4,498,24.6,49.6,49.75,49.8,49.1,1.41,42.2,3.91,    ,    ,    ,    ,    
2542,興富發,市,12月12日,,39.9,-0.2,-0.5,"4,991",200,40.1,40.1,40.1,39.9,0.5,14.9,1.42,    ,    ,    ,    ,    
2543,皇昌,市,12月12日,,29.75,-0.25,-0.83,"7,765",230,30,29.3,31.2,28.6,8.67,22.2,2.52,    ,    ,    ,    ,    
2545,皇翔,市,12月12日,,40.75,0.5,1.24,259,10.5,40.25,40.45,40.75,40.25,1.24,110,1.25,    ,    ,    ,    ,    
2605,新興,市,12月12日,,27.9,0,0,"29,599",829,27.9,27.95,28.5,27.6,3.23,28.2,0.97,    ,    ,    ,    ,    
2607,榮運,市,12月12日,,31.55,0.25,0.8,"2,939",92.7,31.3,31.2,31.75,31.2,1.76,11.4,1.07,    ,    ,    ,    ,    
2608,嘉里大榮,市,12月12日,,38.4,0,0,196,7.52,38.4,38.4,38.55,38.35,0.52,10.5,1.48,    ,    ,    ,    ,    
2609,陽明,市,12月12日,,44,0,0,"33,868","1,506",44,44.2,45.3,44,2.95,7.38,0.54,    ,    ,    ,    ,    
2616,山隆,市,12月12日,,30.2,0,0,174,5.27,30.2,30.35,30.35,30.15,0.66,29.3,0.87,    ,    ,    ,    ,    
2617,台航,市,12月12日,,33.15,-0.05,-0.15,"2,150",71.5,33.2,33.45,33.55,33.05,1.51,7.64,0.86,    ,    ,    ,    ,    
2618,長榮航,市,12月12日,,31.8,-0.25,-0.78,"60,515","1,931",32.05,32.1,32.45,31.6,2.65,10,1.73,    ,    ,    ,    ,    
2630,亞航,市,12月12日,,37.9,1.4,3.84,"6,970",264,36.5,36.65,38.45,36.65,4.93,211,2.33,    ,    ,    ,    ,    
2633,台灣高鐵,市,12月12日,,30.6,0.15,0.49,"2,765",84.4,30.45,30.55,30.7,30.4,0.99,25.9,2.51,    ,    ,    ,    ,    
2642,宅配通,市,12月12日,,40.8,0,0,55,2.25,40.8,40.85,41,40.7,0.74,34.6,1.74,    ,    ,    ,    ,    
2704,國賓,市,12月12日,,48.25,0.1,0.21,206,9.89,48.15,48.15,48.3,47.9,0.83,10.8,0.91,    ,    ,    ,    ,    
2712,遠雄來,市,12月12日,,35.1,0,0,8,0.3,35.1,34.7,35.1,34.7,1.14,59.5,2.93,    ,    ,    ,    ,    
2726,雅茗-KY,櫃,12月12日,,29.6,-0.15,-0.5,6,0.18,29.75,29.75,29.95,29.6,1.18,,3.61,    ,    ,    ,    ,    
2734,易飛網,櫃,12月12日,,45,-0.7,-1.53,171,7.73,45.7,45.3,46,45,2.19,321,5.71,    ,    ,    ,    ,    
2736,富野,櫃,12月12日,,28.25,-0.5,-1.74,322,9.16,28.75,29,29,28.05,3.3,235,1.2,    ,    ,    ,    ,    
2740,天蔥,櫃,12月12日,,40,0,0,0,0,40,40,40,40,0,,5.56,    ,    ,    ,    ,    
2809,京城銀,市,12月12日,,40.05,-0.05,-0.12,"1,146",45.8,40.1,40.05,40.2,39.9,0.75,7.93,0.96,    ,    ,    ,    ,    
2816,旺旺保,市,12月12日,,40,-0.6,-1.48,"3,830",154,40.6,41,41.4,39.45,4.8,16.8,1.52,    ,    ,    ,    ,    
2882,國泰金,市,12月12日,,44.75,-0.1,-0.22,"17,098",765,44.85,44.75,44.85,44.6,0.56,16.3,1.08,    ,    ,    ,    ,    
2884,玉山金,市,12月12日,,25.5,-0.1,-0.39,"13,011",332,25.6,25.6,25.6,25.4,0.78,19.5,1.75,    ,    ,    ,    ,    
2885,元大金,市,12月12日,,26.8,0.25,0.94,"21,629",577,26.55,26.6,26.8,26.5,1.13,13.4,1.22,    ,    ,    ,    ,    
2886,兆豐金,市,12月12日,,39.3,0.4,1.03,"11,766",460,38.9,39.35,39.35,38.85,1.29,17.5,1.73,    ,    ,    ,    ,    
2887F,台新戊特二,市,12月12日,,45.95,0,0,445,20.4,45.95,45.95,45.95,45.75,0.44,,,    ,    ,    ,    ,    
2888A,新光金甲特,市,12月12日,,29.25,-0.2,-0.68,25,0.73,29.45,29.35,29.4,29.1,1.02,,,    ,    ,    ,    ,    
2888B,新光金乙特,市,12月12日,,29.25,0,0,95,2.79,29.25,29.25,29.3,29.2,0.34,,,    ,    ,    ,    ,    
2891,中信金,市,12月12日,,27.6,0.2,0.73,"36,750","1,012",27.4,27.7,27.7,27.4,1.09,11.5,1.34,    ,    ,    ,    ,    
2892,第一金,市,12月12日,,27.5,-0.05,-0.18,"8,474",233,27.55,27.65,27.65,27.4,0.91,16.1,1.55,    ,    ,    ,    ,    
2901,欣欣,市,12月12日,,26.2,-0.05,-0.19,27,0.71,26.25,26.25,26.25,26.05,0.76,77.1,2.19,    ,    ,    ,    ,    
2910,統領,市,12月12日,,28.2,0,0,23,0.65,28.2,28.2,28.2,28,0.71,27.9,1.96,    ,    ,    ,    ,    
2916,滿心,櫃,12月12日,,48.4,-0.1,-0.21,28,1.37,48.5,48.7,48.7,48.4,0.62,11,2.55,    ,    ,    ,    ,    
2923,鼎固-KY,市,12月12日,,26,-0.15,-0.57,37,0.97,26.15,26.15,26.15,25.8,1.34,1300,0.92,    ,    ,    ,    ,    
2924,宏太-KY,櫃,12月12日,,26.35,0,0,0,0,25.9,26.35,26.35,26.35,0,,5.15,    ,    ,    ,    ,    
2937,集雅社,櫃,12月12日,,32.25,0.05,0.16,19,0.62,32.2,32.15,32.5,32,1.55,10.7,1.42,    ,    ,    ,    ,    
2939,凱羿-KY,市,12月12日,,29,0.15,0.52,59,1.69,28.85,28.85,29,28.3,2.43,,1.45,    ,    ,    ,    ,    
2945,三商家購,市,12月12日,,46.25,0.65,1.43,28,1.3,45.6,46,46.5,46,1.1,32.1,1.72,    ,    ,    ,    ,    
3011,今皓,市,12月12日,,38.1,0.35,0.93,"1,167",44.6,37.75,38.25,38.65,37.95,1.85,,4.32,    ,    ,    ,    ,    
3013,晟銘電,市,12月12日,,46.3,-0.9,-1.91,"7,276",340,47.2,47.5,47.8,46.15,3.5,39.2,2.88,    ,    ,    ,    ,    
3025,星通,市,12月12日,,48.4,-4.1,-7.81,"4,887",244,52.5,52.6,53,48.2,9.14,29.7,3.67,    ,    ,    ,    ,    
3027,盛達,市,12月12日,,43,1.2,2.87,"4,029",175,41.8,42,43.85,41.85,4.78,41,2.22,    ,    ,    ,    ,    
3028,增你強,市,12月12日,,34.5,0.85,2.53,"2,188",75.1,33.65,33.7,34.55,33.7,2.53,14,1.36,    ,    ,    ,    ,    
3033,威健,市,12月12日,,28.85,-0.05,-0.17,"2,663",77.4,28.9,29,29.4,28.8,2.08,14.6,1.4,    ,    ,    ,    ,    
3036A,文曄甲特,市,12月12日,,45.85,0,0,82,3.76,45.85,45.85,45.9,45.85,0.11,,,    ,    ,    ,    ,    
3038,全台,市,12月12日,,30.15,-0.25,-0.82,743,22.5,30.4,30.5,30.7,30.1,1.97,10.5,1.78,    ,    ,    ,    ,    
3040,遠見,市,12月12日,,30.25,0,0,23,0.69,30.25,30.1,30.25,30,0.83,32.9,1.29,    ,    ,    ,    ,    
3041,揚智,市,12月12日,,31.95,-0.6,-1.84,"13,344",431,32.55,32.65,33.45,31.6,5.68,,2.35,    ,    ,    ,    ,    
3043,科風,市,12月12日,,38.75,0,0,"2,704",109,38.75,38.8,42.1,38.35,9.68,18.8,3.25,    ,    ,    ,    ,    
3051,力特,市,12月12日,,42.95,1.05,2.51,"7,954",337,41.9,42,42.95,41.7,2.98,74.1,3.04,    ,    ,    ,    ,    
3055,蔚華科,市,12月12日,,39.8,-0.35,-0.87,498,19.9,40.15,40.8,40.8,39.7,2.74,19.9,1.8,    ,    ,    ,    ,    
3056,富華新,市,12月12日,,28.55,-0.4,-1.38,"1,531",43.8,28.95,28.95,29.05,28.4,2.25,8.47,1.41,    ,    ,    ,    ,    
3059,華晶科,市,12月12日,,37.1,0.1,0.27,"2,520",93.9,37,37.35,37.65,37,1.76,27.1,1.14,    ,    ,    ,    ,    
3067,全域,櫃,12月12日,,37.55,-0.6,-1.57,18,0.66,38.15,37.7,37.7,37.55,0.39,39.5,2.85,    ,    ,    ,    ,    
3071,協禧,櫃,12月12日,,34.1,-0.45,-1.3,264,9.07,34.55,34.8,34.85,34.05,2.32,24.9,2.5,    ,    ,    ,    ,    
3073,天方能源,櫃,12月12日,,27.7,0.6,2.21,26,0.72,27.1,28,28,27,3.69,198,2.09,    ,    ,    ,    ,    
3092,鴻碩,市,12月12日,,34.85,-0.05,-0.14,144,5.03,34.9,35,35.05,34.65,1.15,,1.64,    ,    ,    ,    ,    
3093,港建*,櫃,12月12日,,31.15,-0.15,-0.48,90,2.82,31.3,31.3,31.3,31.15,0.48,13.4,4.12,    ,    ,    ,    ,    
3094,聯傑,市,12月12日,,39.4,-0.7,-1.75,"2,426",96.4,40.1,40.2,40.45,39.35,2.74,57.1,3.15,    ,    ,    ,    ,    
3095,及成,櫃,12月12日,,29.6,-0.6,-1.99,4,0.13,30.2,30.5,30.5,29.6,2.98,,7.42,    ,    ,    ,    ,    
3114,好德,櫃,12月12日,,26.9,-0.25,-0.92,93,2.53,27.15,27.1,27.15,26.9,0.92,17.7,1.08,    ,    ,    ,    ,    
3118,進階,櫃,12月12日,,30.35,0,0,98,2.98,30.35,30.35,30.4,30.2,0.66,16.4,1.86,    ,    ,    ,    ,    
3128,昇銳,櫃,12月12日,,30.25,0.1,0.33,111,3.37,30.15,30.45,30.55,30.15,1.33,25,2.03,    ,    ,    ,    ,    
3162,精確,櫃,12月12日,,46.95,-0.65,-1.37,376,17.8,47.6,47.9,47.95,46.9,2.21,79.6,2.34,    ,    ,    ,    ,    
3176,基亞,櫃,12月12日,,46.8,-0.55,-1.16,912,42.5,47.35,47.35,47.6,46.15,3.06,,3.5,    ,    ,    ,    ,    
3205,佰研,櫃,12月12日,,45.85,-0.5,-1.08,78,3.6,46.35,46.4,46.4,45.65,1.62,,3.16,    ,    ,    ,    ,    
3206,志豐,櫃,12月12日,,44.4,0.4,0.91,268,11.9,44,44,44.7,43.8,2.05,9.37,1.81,    ,    ,    ,    ,    
3209,全科,市,12月12日,,35.6,-0.2,-0.56,482,17.2,35.8,35.95,35.95,35.6,0.98,12.9,1.73,    ,    ,    ,    ,    
3219,倚強科,櫃,12月12日,,47.45,-0.25,-0.52,9,0.44,47.7,47.4,47.45,47.2,0.52,49.9,2.53,    ,    ,    ,    ,    
3221,台嘉碩,櫃,12月12日,,28,0.25,0.9,236,6.56,27.75,27.8,28,27.6,1.44,,1.4,    ,    ,    ,    ,    
3224,三顧,櫃,12月12日,,46.8,0.8,1.74,83,3.87,46,46.5,47.25,46.4,1.85,,2.43,    ,    ,    ,    ,    
3234,光環,櫃,12月12日,,30.6,0.35,1.16,"1,903",57,30.25,30.2,30.6,29.2,4.63,,3.23,    ,    ,    ,    ,    
3259,鑫創,櫃,12月12日,,31.5,-0.65,-2.02,65,2.06,32.15,32.3,32.3,31.5,2.49,,4.44,    ,    ,    ,    ,    
3268,海德威,櫃,12月12日,,29.5,-0.95,-3.12,"2,479",75.3,30.45,30.65,31.8,29.4,7.88,,1.9,    ,    ,    ,    ,    
3272,東碩,櫃,12月12日,,35,-1.4,-3.85,284,10.1,36.4,36.3,36.45,35,3.98,,1.24,    ,    ,    ,    ,    
3285,微端,櫃,12月12日,,29.1,1.7,6.2,842,24.4,27.4,28,29.85,27.45,8.76,50.2,2.06,    ,    ,    ,    ,    
3287,廣寰科,櫃,12月12日,,36.9,3.35,9.99,"14,942",534,33.55,35.45,36.9,34.05,8.49,72.4,3.04,    ,    ,    ,    ,    
3290,東浦,櫃,12月12日,,27.6,-0.4,-1.43,"1,456",40.6,28,28.45,28.55,27.6,3.39,18.2,1.67,    ,    ,    ,    ,    
3303,岱稜,櫃,12月12日,,28.05,0.1,0.36,218,6.1,27.95,28.05,28.1,27.95,0.54,16.7,1.38,    ,    ,    ,    ,    
3308,聯德,市,12月12日,,40.5,2.3,6.02,"3,449",140,38.2,39.5,41.25,39.3,5.1,5.58,2.4,    ,    ,    ,    ,    
3311,閎暉,市,12月12日,,39.05,0.75,1.96,682,26.6,38.3,38.6,39.55,38.3,3.26,24.9,1,    ,    ,    ,    ,    
3323,加百裕,櫃,12月12日,,29.15,0,0,155,4.54,29.15,29.5,29.6,29.15,1.54,,0.97,    ,    ,    ,    ,    
3325,旭品,櫃,12月12日,,36.25,-1.6,-4.23,"5,392",198,37.85,37.2,38,36.15,4.89,,3.2,    ,    ,    ,    ,    
3332,幸康,櫃,12月12日,,44,-0.3,-0.68,1,0.04,44.3,44,44,44,0,12.2,1.25,    ,    ,    ,    ,    
3346,麗清,市,12月12日,,46.05,-0.55,-1.18,"2,642",122,46.6,46.9,46.95,45.9,2.25,17.1,1.58,    ,    ,    ,    ,    
3356,奇偶,市,12月12日,,42.9,-1.4,-3.16,951,41.2,44.3,44.4,44.45,42.9,3.5,15.5,1.95,    ,    ,    ,    ,    
3373,熱映,櫃,12月12日,,25.95,-1.8,-6.49,479,12.7,27.75,27.3,27.3,25.85,5.23,,1.18,    ,    ,    ,    ,    
3380,明泰,市,12月12日,,38.3,1.1,2.96,"19,770",757,37.2,37.5,38.75,37.5,3.36,28.6,2.05,    ,    ,    ,    ,    
3390,旭軟,櫃,12月12日,,26.3,0,0,"3,351",87.3,26.3,26.45,26.45,25.6,3.23,37,1.54,    ,    ,    ,    ,    
3426,台興,櫃,12月12日,,39.6,0.2,0.51,5,0.2,39.4,39.4,39.6,39.4,0.51,17.4,1.54,    ,    ,    ,    ,    
3430,奇鈦科,櫃,12月12日,,47.85,-0.15,-0.31,70,3.38,48,48.65,48.65,47.85,1.67,10.9,1.59,    ,    ,    ,    ,    
3434,哲固,櫃,12月12日,,27.25,0.1,0.37,28,0.75,27.15,27.15,27.35,27.15,0.74,42.6,2.41,    ,    ,    ,    ,    
3437,榮創,市,12月12日,,31.5,-0.95,-2.93,"3,946",128,32.45,32.5,33,31.5,4.62,,1.83,    ,    ,    ,    ,    
3441,聯一光,櫃,12月12日,,40.25,1.15,2.94,"2,587",106,39.1,38.95,41.6,38.95,6.78,42.4,2.09,    ,    ,    ,    ,    
3447,展達,市,12月12日,,39.7,-0.1,-0.25,41,1.62,39.8,39.5,39.8,39.35,1.13,22.9,2.54,    ,    ,    ,    ,    
3484,崧騰,櫃,12月12日,,47.1,0.6,1.29,328,15.5,46.5,46.95,47.7,46.5,2.58,39.9,1.3,    ,    ,    ,    ,    
3498,陽程,櫃,12月12日,,30,0.05,0.17,26,0.78,29.95,29.7,30,29.7,1,61.2,0.74,    ,    ,    ,    ,    
3508,位速,櫃,12月12日,,27.95,-0.1,-0.36,210,5.9,28.05,28.5,28.5,27.85,2.32,,3.3,    ,    ,    ,    ,    
3511,矽瑪,櫃,12月12日,,28.65,-0.25,-0.87,117,3.39,28.9,29.1,29.1,28.65,1.56,,1.52,    ,    ,    ,    ,    
3512,皇龍,櫃,12月12日,,33.2,-0.6,-1.78,193,6.42,33.8,33.6,33.6,33.05,1.63,20.6,1.63,    ,    ,    ,    ,    
3518,柏騰,市,12月12日,,38.6,0,0,166,6.39,38.6,38.65,39,38.3,1.81,77.2,2.53,    ,    ,    ,    ,    
3531,先益,櫃,12月12日,,33.95,-0.2,-0.59,104,3.54,34.15,34.15,34.15,33.65,1.46,14.7,1.09,    ,    ,    ,    ,    
3537,堡達,櫃,12月12日,,39.25,0,0,91,3.59,39.25,39.25,39.35,39.2,0.38,12,1.81,    ,    ,    ,    ,    
3540,曜越,櫃,12月12日,,44.1,-0.7,-1.56,562,25.1,44.8,45.1,45.25,44.1,2.57,24.8,1.65,    ,    ,    ,    ,    
3541,西柏,櫃,12月12日,,39.1,-0.25,-0.64,53,2.09,39.35,39.35,39.4,39.1,0.76,86.9,2.04,    ,    ,    ,    ,    
3555,博士旺,櫃,12月12日,,34.7,0.7,2.06,22,0.77,34,34,35.15,34,3.38,,5.31,    ,    ,    ,    ,    
3564,其陽,櫃,12月12日,,49.7,-0.05,-0.1,126,6.28,49.75,50.5,50.5,49.7,1.61,57.8,2.37,    ,    ,    ,    ,    
3567,逸昌,櫃,12月12日,,42.1,-0.3,-0.71,577,24.3,42.4,42.7,43.15,41.65,3.54,15.8,2.36,    ,    ,    ,    ,    
3581,博磊,櫃,12月12日,,25.6,0,0,31,0.8,25.6,26.05,26.05,25.55,1.95,30.1,1.55,    ,    ,    ,    ,    
3591,艾笛森,市,12月12日,,25.25,0.25,1,558,14.1,25,25,25.3,25,1.2,230,1.24,    ,    ,    ,    ,    
3605,宏致,市,12月12日,,31.6,0.05,0.16,315,9.89,31.55,31.55,31.6,31.35,0.79,,0.78,    ,    ,    ,    ,    
3609,三一東林,櫃,12月12日,,35.25,-0.25,-0.7,26,0.93,35.5,38.15,38.15,35,8.87,,3.03,    ,    ,    ,    ,    
3622,洋華,市,12月12日,,47.75,4.3,9.9,"9,833",462,43.45,45.7,47.75,44.2,8.17,15.9,1.15,    ,    ,    ,    ,    
3623,富晶通,櫃,12月12日,,49.5,-2,-3.88,768,39,51.5,51.5,52.5,49.4,6.02,,3.78,    ,    ,    ,    ,    
3628,盈正,櫃,12月12日,,43.7,-0.1,-0.23,41,1.78,43.8,44.25,44.25,43.7,1.26,15.1,1.15,    ,    ,    ,    ,    
3629,地心引力,櫃,12月12日,,38.4,1.1,2.95,2,0.08,37.3,38.4,38.4,38.4,0,,10.5,    ,    ,    ,    ,    
3630,新鉅科,櫃,12月12日,,35.5,0.95,2.75,"3,643",133,34.55,34.7,37.7,34.7,8.68,,2.22,    ,    ,    ,    ,    
3631,晟楠,櫃,12月12日,,35.45,1.7,5.04,467,16.8,33.75,33.9,36.8,33.9,8.59,,2.19,    ,    ,    ,    ,    
3645,達邁,市,12月12日,,41.2,0.4,0.98,"1,000",41.3,40.8,41.1,42.2,40.5,4.17,,1.88,    ,    ,    ,    ,    
3646,艾恩特,櫃,12月12日,,28.35,-0.05,-0.18,184,5.2,28.4,28.4,28.4,28.2,0.7,21.5,2.05,    ,    ,    ,    ,    
3652,精聯,市,12月12日,,27,-0.35,-1.28,221,5.98,27.35,27.35,27.35,26.8,2.01,39.7,1.11,    ,    ,    ,    ,    
3663,鑫科,櫃,12月12日,,35.1,-0.1,-0.28,165,5.78,35.2,35.05,35.2,34.65,1.56,53.2,2.15,    ,    ,    ,    ,    
3666,光耀,櫃,12月12日,,27.8,0.15,0.54,466,13.2,27.65,27.85,28.8,27.6,4.34,,1.94,    ,    ,    ,    ,    
3672,康聯訊,櫃,12月12日,,25.95,-0.05,-0.19,29,0.76,26,26.1,26.2,25.75,1.73,,2.43,    ,    ,    ,    ,    
3673,TPK-KY,市,12月12日,,35.15,0.35,1.01,572,20.1,34.8,34.6,35.3,34.6,2.01,62.8,0.37,    ,    ,    ,    ,    
3684,榮昌,櫃,12月12日,,46.35,-0.15,-0.32,7,0.31,46.5,46.5,46.5,46.35,0.32,26.3,2.3,    ,    ,    ,    ,    
3694,海華,市,12月12日,,45.75,1.3,2.92,"20,832",945,44.45,45.45,46.55,44.1,5.51,19.6,2.31,    ,    ,    ,    ,    
3702A,大聯大甲特,市,12月12日,,47,0.1,0.21,124,5.81,46.9,47,47,46.8,0.43,,,    ,    ,    ,    ,    
3703,欣陸,市,12月12日,,28,0.25,0.9,"1,041",29,27.75,27.8,28,27.75,0.9,15.2,0.88,    ,    ,    ,    ,    
3705,永信,市,12月12日,,46.6,-0.35,-0.75,272,12.7,46.95,47,47.1,46.6,1.06,17.7,1.73,    ,    ,    ,    ,    
3706,神達,市,12月12日,,40.9,-0.25,-0.61,"7,389",304,41.15,41.4,41.45,40.85,1.46,43.1,0.85,    ,    ,    ,    ,    
3709,鑫聯大投控,櫃,12月12日,,25.35,-0.55,-2.12,328,8.38,25.9,26.15,26.15,25.35,3.09,20.8,1.2,    ,    ,    ,    ,    
3712,永崴投控,市,12月12日,,43.45,3.95,10,"23,745","1,008",39.5,41.1,43.45,40.95,6.33,28.2,1.37,    ,    ,    ,    ,    
3713,新晶投控,櫃,12月12日,,27.45,-0.05,-0.18,61,1.67,27.5,27.5,27.8,27.45,1.27,196,3.26,    ,    ,    ,    ,    
3714,富采,市,12月12日,,44.25,0.05,0.11,607,26.9,44.2,44.65,44.65,44.05,1.36,,0.64,    ,    ,    ,    ,    
4102,永日,櫃,12月12日,,39.8,0.7,1.79,"1,070",42.2,39.1,39.2,39.8,39,2.05,25,2.7,    ,    ,    ,    ,    
4106,雃博,市,12月12日,,28.75,-0.05,-0.17,135,3.88,28.8,29.1,29.1,28.75,1.22,20.1,1.25,    ,    ,    ,    ,    
4111,濟生,櫃,12月12日,,26.7,0.1,0.38,66,1.75,26.6,26.65,26.7,26.55,0.56,13.2,1.25,    ,    ,    ,    ,    
4113,聯上,櫃,12月12日,,29.4,-0.2,-0.68,881,25.9,29.6,29.6,29.8,29.2,2.03,,1.98,    ,    ,    ,    ,    
4114,健喬,櫃,12月12日,,38.9,-0.75,-1.89,"4,072",160,39.65,39.8,40,38.85,2.9,24.3,2.27,    ,    ,    ,    ,    
4120,友華,櫃,12月12日,,39.1,-0.05,-0.13,25,0.97,39.15,39.3,39.5,39.1,1.02,,0.96,    ,    ,    ,    ,    
4123,晟德,櫃,12月12日,,45.65,-0.55,-1.19,987,45.2,46.2,46.25,46.25,45.65,1.3,,1.62,    ,    ,    ,    ,    
4130,健亞,櫃,12月12日,,26.95,-0.3,-1.1,229,6.19,27.25,27.25,27.25,26.85,1.47,96.2,2.01,    ,    ,    ,    ,    
4133,亞諾法,市,12月12日,,35.05,-0.4,-1.13,479,16.8,35.45,35.5,35.55,34.9,1.83,48,1.66,    ,    ,    ,    ,    
4139,馬光-KY,櫃,12月12日,,34.85,-0.1,-0.29,15,0.52,34.95,35,35,34.45,1.57,,3.48,    ,    ,    ,    ,    
4142,國光生,市,12月12日,,33.15,-0.05,-0.15,912,30.3,33.2,33.4,33.4,32.95,1.36,,2.37,    ,    ,    ,    ,    
4153,鈺緯,櫃,12月12日,,36.8,0.4,1.1,32,1.18,36.4,36.5,36.95,36.5,1.24,29,2.13,    ,    ,    ,    ,    
4155,訊映,市,12月12日,,25.55,-0.15,-0.58,305,7.81,25.7,25.7,25.85,25.5,1.36,111,1.5,    ,    ,    ,    ,    
4160,訊聯基因,櫃,12月12日,,39.6,-0.8,-1.98,25,1,40.4,40.4,40.4,39.1,3.22,36,2.46,    ,    ,    ,    ,    
4161,聿新科,櫃,12月12日,,34.1,-0.15,-0.44,"1,090",38.6,34.25,34.5,36.5,34,7.3,25.6,2.27,    ,    ,    ,    ,    
4168,醣聯,櫃,12月12日,,27.6,-0.4,-1.43,507,14,28,28.2,28.35,27.5,3.04,,2.24,    ,    ,    ,    ,    
4171,瑞基,櫃,12月12日,,38.55,-1,-2.53,357,13.9,39.55,39.95,39.95,38.5,3.67,,2.48,    ,    ,    ,    ,    
4183,福永生技,櫃,12月12日,,28,1.4,5.26,313,8.54,26.6,26.6,28,26.3,6.39,34.1,2.21,    ,    ,    ,    ,    
4188,安克,櫃,12月12日,,27.65,-0.55,-1.95,301,8.41,28.2,28.1,28.5,27.65,3.01,,3.76,    ,    ,    ,    ,    
4192,杏國,櫃,12月12日,,36.8,-0.3,-0.81,2,0.08,37.1,36.85,36.85,36.8,0.13,,6.74,    ,    ,    ,    ,    
4305,世坤,櫃,12月12日,,37,-0.5,-1.33,56,2.08,37.5,37.5,37.5,37,1.33,13.2,1.83,    ,    ,    ,    ,    
4401,東隆興,櫃,12月12日,,25.55,-1.05,-3.95,"1,493",38.1,26.6,26,26.3,24.6,6.39,,1.18,    ,    ,    ,    ,    
4417,金洲,櫃,12月12日,,39,-0.05,-0.13,69,2.7,39.05,39.05,39.2,39,0.51,8.8,1.18,    ,    ,    ,    ,    
4419,元勝,櫃,12月12日,,35.05,-2.95,-7.76,13,0.46,38,38,38,35,7.89,,19.2,    ,    ,    ,    ,    
4420,光明,櫃,12月12日,,48,0.35,0.73,106,5.05,47.65,47.2,48.05,47.2,1.78,,1.91,    ,    ,    ,    ,    
4433,興采,櫃,12月12日,,33.6,0.55,1.66,604,20.6,33.05,33.2,34.8,33.2,4.84,,1.05,    ,    ,    ,    ,    
4440,宜新實業,市,12月12日,,26.1,-0.05,-0.19,82,2.12,26.15,26.15,26.2,25.85,1.34,27.5,1.38,    ,    ,    ,    ,    
4442,竣邦-KY,櫃,12月12日,,25.55,0.25,0.99,67,1.71,25.3,25.75,25.95,25.5,1.78,,1.41,    ,    ,    ,    ,    
4502,健信,櫃,12月12日,,37.4,-0.8,-2.09,11,0.42,38.2,38,38,37.1,2.36,,3.26,    ,    ,    ,    ,    
4523,永彰,櫃,12月12日,,46.85,-0.65,-1.37,52,2.46,47.5,47.9,48.4,46.85,3.26,83.7,3.05,    ,    ,    ,    ,    
4527,方土霖,櫃,12月12日,,36.15,0.15,0.42,49,1.75,36,36.3,36.3,35.8,1.39,11.8,1.81,    ,    ,    ,    ,    
4528,江興鍛,櫃,12月12日,,31.3,-0.05,-0.16,43,1.33,31.35,31.4,31.65,31.05,1.91,14.8,1.17,    ,    ,    ,    ,    
4533,協易機,櫃,12月12日,,28.55,-0.15,-0.52,"3,604",104,28.7,28.7,29.3,28.35,3.31,22.8,1.72,    ,    ,    ,    ,    
4535,至興,櫃,12月12日,,36.05,0.7,1.98,380,13.8,35.35,35.5,36.85,35.5,3.82,15.4,1.12,    ,    ,    ,    ,    
4540,全球傳動,市,12月12日,,32.3,0.05,0.16,108,3.45,32.25,32.25,32.3,31.95,1.09,48.9,0.9,    ,    ,    ,    ,    
4541,晟田,櫃,12月12日,,31.65,0.05,0.16,238,7.61,31.6,31.6,32.4,31.55,2.69,,1.36,    ,    ,    ,    ,    
4543,萬在,櫃,12月12日,,49.65,-1.65,-3.22,"2,350",119,51.3,51.8,51.9,49.65,4.39,25.3,1.64,    ,    ,    ,    ,    
4545,銘鈺,市,12月12日,,30.1,-0.1,-0.33,21,0.63,30.2,30.1,30.1,29.8,0.99,21,1.22,    ,    ,    ,    ,    
4550,長佳,櫃,12月12日,,36.1,-0.25,-0.69,411,14.7,36.35,36.35,36.5,35.5,2.75,11.9,1.52,    ,    ,    ,    ,    
4552,力達-KY,市,12月12日,,32.25,0.25,0.78,588,18.9,32,32.25,32.35,32.05,0.94,9.27,0.63,    ,    ,    ,    ,    
4554,橙的,櫃,12月12日,,30.45,2.05,7.22,461,14,28.4,31,31.2,29.5,5.99,277,1.66,    ,    ,    ,    ,    
4556,旭然,櫃,12月12日,,28.6,-0.2,-0.69,33,0.95,28.8,29.25,29.25,28.6,2.26,65,1.41,    ,    ,    ,    ,    
4558,寶緯,櫃,12月12日,,25.8,-0.1,-0.39,8,0.21,25.9,26.2,26.2,25.8,1.54,39.7,1.44,    ,    ,    ,    ,    
4560,強信-KY,市,12月12日,,36.5,0,0,49,1.79,36.5,36.5,36.7,36.45,0.68,24.2,1.42,    ,    ,    ,    ,    
4561,健椿,櫃,12月12日,,38.2,-1,-2.55,"1,626",62.8,39.2,39.45,39.8,37.7,5.36,17.1,1.83,    ,    ,    ,    ,    
4563,百德,櫃,12月12日,,46.45,0,0,134,6.27,46.45,46.5,46.95,46.45,1.08,27.5,1.78,    ,    ,    ,    ,    
4584,君帆,櫃,12月12日,,48.9,-0.1,-0.2,22,1.07,49,49.05,49.2,48.8,0.82,20.4,1.5,    ,    ,    ,    ,    
4706,大恭,櫃,12月12日,,28.45,0.05,0.18,29,0.82,28.4,28.75,28.8,28.45,1.23,,1.56,    ,    ,    ,    ,    
4722,國精化,市,12月12日,,36.45,0.05,0.14,67,2.42,36.4,36.55,36.55,36.3,0.69,32,1.28,    ,    ,    ,    ,    
4726,永昕,櫃,12月12日,,35.85,-0.2,-0.55,170,6.11,36.05,36.05,36.05,35.8,0.69,,2.84,    ,    ,    ,    ,    
4735,豪展,櫃,12月12日,,36.75,-0.35,-0.94,25,0.94,37.1,37,37,36.7,0.81,17.3,1.48,    ,    ,    ,    ,    
4741,泓瀚,櫃,12月12日,,35.5,-0.1,-0.28,42,1.5,35.6,36.65,36.65,35.3,3.79,20.3,1.28,    ,    ,    ,    ,    
4744,皇將,櫃,12月12日,,28.25,-0.45,-1.57,864,24.6,28.7,28.9,29.15,28.2,3.31,,1.37,    ,    ,    ,    ,    
4745,合富-KY,櫃,12月12日,,25.7,0.1,0.39,50,1.28,25.6,25.45,26.2,25.45,2.93,24.5,0.72,    ,    ,    ,    ,    
4754,國碳科,櫃,12月12日,,42.85,0.3,0.71,19,0.8,42.55,42.5,42.85,42.5,0.82,21.1,2.78,    ,    ,    ,    ,    
4764,雙鍵,市,12月12日,,41,-0.2,-0.49,31,1.26,41.2,41.2,41.2,40.85,0.85,,1.57,    ,    ,    ,    ,    
4767,誠泰科技,櫃,12月12日,,28.15,-0.15,-0.53,6,0.17,28.3,28.3,28.3,28.15,0.53,12.5,1,    ,    ,    ,    ,    
4906,正文,市,12月12日,,35.75,1.45,4.23,"20,527",728,34.3,34.5,36,34.3,4.96,13.4,1.09,    ,    ,    ,    ,    
4907,富宇,櫃,12月12日,,40.05,0.2,0.5,69,2.81,39.85,41.8,41.8,39.9,4.77,222,2.75,    ,    ,    ,    ,    
4909,新復興,櫃,12月12日,,34.65,3.15,10,"24,020",808,31.5,32,34.65,32,8.41,,1.34,    ,    ,    ,    ,    
4916,事欣科,市,12月12日,,35,-0.05,-0.14,984,34.5,35.05,35.35,35.6,34.75,2.43,17.7,1.62,    ,    ,    ,    ,    
4930,燦星網,市,12月12日,,31.4,1.1,3.63,905,28.2,30.3,31.2,31.55,30.65,2.97,9.29,0.77,    ,    ,    ,    ,    
4931,新盛力,櫃,12月12日,,31.75,-0.55,-1.7,357,11.5,32.3,32.3,32.45,31.75,2.17,34.5,2.03,    ,    ,    ,    ,    
4934,太極,市,12月12日,,26.8,-0.5,-1.83,"1,148",31.1,27.3,27.35,27.8,26.75,3.85,15.7,2.52,    ,    ,    ,    ,    
4942,嘉彰,市,12月12日,,44.2,0.75,1.73,851,37.4,43.45,43.05,44.2,43.05,2.65,11.2,0.72,    ,    ,    ,    ,    
4972,湯石照明,櫃,12月12日,,28.5,-0.35,-1.21,94,2.69,28.85,28.8,28.8,28.5,1.04,52.8,1.04,    ,    ,    ,    ,    
4973,廣穎,櫃,12月12日,,34.65,-1,-2.81,"1,882",66.1,35.65,35.95,36.3,34.4,5.33,12.6,0.97,    ,    ,    ,    ,    
4976,佳凌,市,12月12日,,43.8,3.95,9.91,"4,106",177,39.85,40.1,43.8,40.05,9.41,,2.31,    ,    ,    ,    ,    
4989,榮科,市,12月12日,,25.75,-0.5,-1.9,102,2.65,26.25,26.2,26.2,25.75,1.71,,1.57,    ,    ,    ,    ,    
4991,環宇-KY,櫃,12月12日,,32.8,0,0,43,1.42,32.8,33,33.4,32.8,1.83,,1.16,    ,    ,    ,    ,    
4995,晶達,櫃,12月12日,,47.25,0,0,29,1.34,47.25,47.45,47.45,46.85,1.27,12.8,2.21,    ,    ,    ,    ,    
4999,鑫禾,市,12月12日,,35.85,-0.15,-0.42,62,2.23,36,36.2,36.2,35.8,1.11,512,0.77,    ,    ,    ,    ,    
5009,榮剛,櫃,12月12日,,49.7,0.7,1.43,"11,808",588,49,49.4,50.2,48.9,2.65,10.9,1.87,    ,    ,    ,    ,    
5011,久陽,櫃,12月12日,,26.75,1.95,7.86,"9,069",240,24.8,26,27.25,25.25,8.06,26.5,1.21,    ,    ,    ,    ,    
5013,強新,櫃,12月12日,,34,0.6,1.8,156,5.24,33.4,33.55,34,33.5,1.5,14.7,1.26,    ,    ,    ,    ,    
5015,華祺,櫃,12月12日,,44.1,-0.1,-0.23,67,2.95,44.2,44.4,44.4,44,0.9,16.5,1.9,    ,    ,    ,    ,    
5016,松和,櫃,12月12日,,29.2,0.05,0.17,3,0.09,29.15,29.05,29.2,29.05,0.51,22.8,1.01,    ,    ,    ,    ,    
5201,凱衛,櫃,12月12日,,32.05,0.05,0.16,314,10.1,32,32,32.05,31.7,1.09,12.8,2.37,    ,    ,    ,    ,    
5212,凌網,櫃,12月12日,,49.8,-0.6,-1.19,56,2.92,50.4,51.4,52.7,49.8,5.75,15.9,3.55,    ,    ,    ,    ,    
5213,亞昕,櫃,12月12日,,32.8,-0.25,-0.76,959,31.4,33.05,33.05,33.1,32.45,1.97,27.1,1.66,    ,    ,    ,    ,    
5220,萬達光電,櫃,12月12日,,26.9,-0.1,-0.37,42,1.13,27,27,27.15,26.9,0.93,30.6,1.33,    ,    ,    ,    ,    
5223,安力-KY,櫃,12月12日,,37.8,-0.2,-0.53,15,0.58,38,38,38,37.8,0.53,,0.85,    ,    ,    ,    ,    
5227,立凱-KY,櫃,12月12日,,48.5,-0.65,-1.32,176,8.59,49.15,49.25,49.25,48.5,1.53,,4.62,    ,    ,    ,    ,    
5230,雷笛克光學,櫃,12月12日,,27.5,-1.15,-4.01,"1,070",29.9,28.65,28.5,28.8,27.25,5.41,,1.11,    ,    ,    ,    ,    
5244,弘凱,市,12月12日,,37.15,-0.1,-0.27,133,4.99,37.25,37.75,37.8,37.15,1.74,15.5,1.55,    ,    ,    ,    ,    
5245,智晶,櫃,12月12日,,42,-0.3,-0.71,31,1.32,42.3,43.05,43.05,42,2.48,,1.75,    ,    ,    ,    ,    
5272,笙科,櫃,12月12日,,38.45,-0.6,-1.54,"2,280",89.5,39.05,39.2,39.9,38.45,3.71,,1.93,    ,    ,    ,    ,    
5291,邑昇,櫃,12月12日,,27.05,0,0,132,3.58,27.05,27.05,27.3,27,1.11,30.1,1.13,    ,    ,    ,    ,    
5309,系統電,櫃,12月12日,,36.7,1.45,4.11,"3,682",134,35.25,35.6,36.9,35.25,4.68,24.8,2.45,    ,    ,    ,    ,    
5353,台林,櫃,12月12日,,36.6,0.15,0.41,173,6.34,36.45,36.5,36.75,36.35,1.1,14.6,2.11,    ,    ,    ,    ,    
5356,協益,櫃,12月12日,,29.85,0.05,0.17,238,7.13,29.8,30.3,30.3,29.7,2.01,199,0.74,    ,    ,    ,    ,    
5364,力麗店,櫃,12月12日,,26.9,-0.2,-0.74,52,1.38,27.1,27.1,27.15,26.3,3.14,,3.05,    ,    ,    ,    ,    
5381,合正,櫃,12月12日,,29.55,0.05,0.17,"7,607",231,29.5,30.5,31.35,29.55,6.1,98.5,5.16,    ,    ,    ,    ,    
5383,金利,櫃,12月12日,,27.25,0.25,0.93,23,0.62,27,27,27.25,26.9,1.3,,3.84,    ,    ,    ,    ,    
5392,能率,櫃,12月12日,,25.2,0,0,260,6.56,25.2,25.35,25.35,25.05,1.19,,0.75,    ,    ,    ,    ,    
5410,國眾,櫃,12月12日,,33.2,0.1,0.3,272,9.03,33.1,33.3,33.35,33.1,0.76,13.9,2.17,    ,    ,    ,    ,    
5443,均豪,櫃,12月12日,,30.8,-0.35,-1.12,376,11.6,31.15,31.3,31.45,30.8,2.09,44,1.92,    ,    ,    ,    ,    
5455,昇益,櫃,12月12日,,34.45,0.55,1.62,1,0.03,33.9,34.45,34.45,34.45,0,,3.92,    ,    ,    ,    ,    
5464,霖宏,櫃,12月12日,,32.3,-0.6,-1.82,359,11.6,32.9,32.95,32.95,32,2.89,22.6,1.53,    ,    ,    ,    ,    
5465,富驊,櫃,12月12日,,49.55,-0.75,-1.49,"1,317",65.8,50.3,50.6,50.8,49.55,2.49,26.1,3.15,    ,    ,    ,    ,    
5487,通泰,櫃,12月12日,,30.7,2.75,9.84,372,11.4,27.95,28.75,30.7,28.75,6.98,,1.38,    ,    ,    ,    ,    
5489,彩富,櫃,12月12日,,35.25,0.3,0.86,32,1.13,34.95,34.95,35.3,34.95,1,22,1.55,    ,    ,    ,    ,    
5519,隆大,市,12月12日,,29.85,-0.1,-0.33,"1,090",32.3,29.95,30,30,29.2,2.67,12.6,1.34,    ,    ,    ,    ,    
5523,豐謙,櫃,12月12日,,28.2,1.25,4.64,976,27.3,26.95,28,28.25,27.5,2.78,10.4,1.45,    ,    ,    ,    ,    
5525,順天,市,12月12日,,26,0,0,145,3.75,26,26,26.05,25.8,0.96,9.06,1.37,    ,    ,    ,    ,    
5530,龍巖,櫃,12月12日,,38.1,-0.05,-0.13,209,8,38.15,38.2,38.4,38.1,0.79,12.9,0.71,    ,    ,    ,    ,    
5538,東明-KY,市,12月12日,,34.2,0.5,1.48,5,0.18,33.7,33.75,34.2,33.7,1.48,15.5,1.02,    ,    ,    ,    ,    
5543,桓鼎-KY,櫃,12月12日,,40,-0.5,-1.23,66,2.61,41,41,41,38.9,5.19,,2.38,    ,    ,    ,    ,    
5546,永固-KY,市,12月12日,,32.1,0,0,24,0.76,32.1,32.1,32.1,31.4,2.18,,1.08,    ,    ,    ,    ,    
5601,台聯櫃,櫃,12月12日,,34.2,0.35,1.03,6,0.2,33.85,33.85,34.2,33.85,1.03,71.2,1.6,    ,    ,    ,    ,    
5604,中連,櫃,12月12日,,44.35,0,0,11,0.5,44.35,44.35,44.35,44.35,0,52.8,2.21,    ,    ,    ,    ,    
5876,上海商銀,市,12月12日,,46,0.15,0.33,"2,696",124,45.85,46.3,46.3,45.45,1.85,13.4,1.23,    ,    ,    ,    ,    
5878,台名,櫃,12月12日,,47.9,0,0,3,0.15,47.9,47.9,47.9,47.9,0,21.8,2.29,    ,    ,    ,    ,    
5880,合庫金,市,12月12日,,26.65,0,0,"8,726",232,26.65,26.8,26.8,26.55,0.94,19.6,1.71,    ,    ,    ,    ,    
5902,德記,櫃,12月12日,,35.55,0,0,17,0.6,35.55,35.65,35.65,35.15,1.41,19.3,2.94,    ,    ,    ,    ,    
6101,寬魚國際,櫃,12月12日,,44.3,0.1,0.23,900,39.7,44.2,44.6,44.6,43,3.62,120,4.49,    ,    ,    ,    ,    
6103,合邦,櫃,12月12日,,34.65,3.15,10,3,0.09,31.5,34,34.65,34,2.06,,3.8,    ,    ,    ,    ,    
6114,久威,櫃,12月12日,,36.35,0.3,0.83,701,25.8,36.05,36.45,37.65,36.15,4.16,86.5,1.19,    ,    ,    ,    ,    
6115,鎰勝,市,12月12日,,46,0,0,105,4.8,46,46,46,45.85,0.33,14.3,1.69,    ,    ,    ,    ,    
6118,建達,櫃,12月12日,,27.4,-0.45,-1.62,284,7.82,27.85,27.8,27.95,27.3,2.33,,2.49,    ,    ,    ,    ,    
6124,業強,櫃,12月12日,,32.35,0.35,1.09,52,1.67,32,32.1,32.45,32.1,1.09,,1.67,    ,    ,    ,    ,    
6126,信音,櫃,12月12日,,28.45,-0.4,-1.39,694,19.9,28.85,29.15,29.25,28.35,3.12,18.6,1.06,    ,    ,    ,    ,    
6127,九豪,櫃,12月12日,,28.7,-0.1,-0.35,"1,606",46.7,28.8,29.15,29.45,28.7,2.6,17.2,2.26,    ,    ,    ,    ,    
6128,上福,市,12月12日,,34.7,0.1,0.29,36,1.25,34.6,34.6,34.7,34.45,0.72,9.8,1.06,    ,    ,    ,    ,    
6129,普誠,櫃,12月12日,,30.1,-0.15,-0.5,912,27.5,30.25,30.6,30.6,30.1,1.65,46.3,2.63,    ,    ,    ,    ,    
6130,上亞科技,櫃,12月12日,,34.7,-0.1,-0.29,20,0.7,34.8,34.85,34.85,34.7,0.43,28.2,1.94,    ,    ,    ,    ,    
6148,驊宏資,櫃,12月12日,,38.2,0.25,0.66,"1,844",71.3,37.95,38.5,39.45,38,3.82,21.3,3.1,    ,    ,    ,    ,    
6151,晉倫,櫃,12月12日,,26.85,-0.15,-0.56,30,0.81,27,27,27,26.8,0.74,16.3,1.48,    ,    ,    ,    ,    
6155,鈞寶,市,12月12日,,27.5,-0.1,-0.36,105,2.9,27.6,27.7,27.7,27.35,1.27,24.6,1.58,    ,    ,    ,    ,    
6156,松上,櫃,12月12日,,26.9,0.2,0.75,"7,766",213,26.7,27.05,28.15,26.65,5.62,12.6,1.37,    ,    ,    ,    ,    
6158,禾昌,櫃,12月12日,,34.5,-0.2,-0.58,255,8.81,34.7,34.8,35,34.4,1.73,30.3,1.6,    ,    ,    ,    ,    
6161,捷波,櫃,12月12日,,40.7,-0.75,-1.81,505,20.6,41.45,41.5,41.5,40.5,2.41,16.5,2.16,    ,    ,    ,    ,    
6165,浪凡,市,12月12日,,33.7,0.6,1.81,123,4.11,33.1,33.1,33.75,33.1,1.96,,2.36,    ,    ,    ,    ,    
6168,宏齊,市,12月12日,,26.75,0.25,0.94,"3,531",95,26.5,26.7,27.15,26.55,2.26,36.6,1.79,    ,    ,    ,    ,    
6175,立敦,櫃,12月12日,,38.45,0.25,0.65,206,7.89,38.2,38.25,38.6,38.1,1.31,16.4,1.75,    ,    ,    ,    ,    
6177,達麗,市,12月12日,,34,-0.1,-0.29,785,26.6,34.1,34.1,34.1,33.7,1.17,35.1,1.85,    ,    ,    ,    ,    
6179,亞通,櫃,12月12日,,28.75,-0.25,-0.86,376,10.9,29,29.2,29.25,28.75,1.72,,1.42,    ,    ,    ,    ,    
6182,合晶,櫃,12月12日,,47.6,3.4,7.69,"18,973",881,44.2,44.6,47.6,44.4,7.24,25.9,2.11,    ,    ,    ,    ,    
6190,萬泰科,櫃,12月12日,,30.8,-0.2,-0.65,397,12.3,31,31.2,31.2,30.8,1.29,25.9,1.91,    ,    ,    ,    ,    
6194,育富,櫃,12月12日,,38.7,-0.4,-1.02,931,36,39.1,39.35,39.55,38.25,3.32,14.9,1.01,    ,    ,    ,    ,    
6195,詩肯,櫃,12月12日,,41.55,-0.1,-0.24,43,1.77,41.65,41.6,41.6,41.5,0.24,15.1,1.6,    ,    ,    ,    ,    
6198,瑞築,櫃,12月12日,,27.55,0.35,1.29,117,3.2,27.2,27.25,27.75,27.2,2.02,10.4,1.18,    ,    ,    ,    ,    
6207,雷科,櫃,12月12日,,32.3,0.25,0.78,579,18.9,32.05,32.9,33.05,32.3,2.34,23.8,1.38,    ,    ,    ,    ,    
6208,日揚,櫃,12月12日,,48.9,-0.7,-1.41,66,3.24,49.6,49.6,49.6,48.7,1.81,15.2,2.05,    ,    ,    ,    ,    
6209,今國光,市,12月12日,,27.1,0.85,3.24,"1,564",42.5,26.25,26.3,27.55,26.3,4.76,,1.5,    ,    ,    ,    ,    
6210,慶生,櫃,12月12日,,30.25,0.1,0.33,10,0.31,30.15,30,30.25,30,0.83,,1.62,    ,    ,    ,    ,    
6215,和椿,市,12月12日,,25.15,0.05,0.2,84,2.12,25.1,25.35,25.35,25.1,1,20.4,1.41,    ,    ,    ,    ,    
6216,居易,市,12月12日,,30.35,0.25,0.83,400,12.1,30.1,30.15,30.4,30.15,0.83,22.3,1.65,    ,    ,    ,    ,    
6217,中探針,櫃,12月12日,,41,-0.5,-1.2,430,17.7,41.5,41.4,41.5,40.8,1.69,,1.38,    ,    ,    ,    ,    
6220,岳豐,櫃,12月12日,,26.05,-0.2,-0.76,427,11.1,26.25,26.15,26.25,26,0.95,,1.08,    ,    ,    ,    ,    
6222,上揚,櫃,12月12日,,35.45,-0.65,-1.8,367,13,36.1,36,36,34.6,3.88,,4.78,    ,    ,    ,    ,    
6227,茂綸,櫃,12月12日,,40.7,0.1,0.25,71,2.9,40.6,40.6,40.9,40.6,0.74,8.12,1.33,    ,    ,    ,    ,    
6229,研通,櫃,12月12日,,28.1,0.5,1.81,141,3.94,27.6,27.8,28.3,27.2,3.99,,1.64,    ,    ,    ,    ,    
6233,旺玖,櫃,12月12日,,37.5,0,0,"5,085",188,37.5,37.5,37.75,36.5,3.33,625,2.69,    ,    ,    ,    ,    
6234,高僑,櫃,12月12日,,27.9,0.5,1.82,339,9.39,27.4,27.8,28.05,27.3,2.74,19.8,1.02,    ,    ,    ,    ,    
6236,中湛,櫃,12月12日,,36.9,-0.1,-0.27,10,0.37,37,34,36.9,34,7.84,,8.44,    ,    ,    ,    ,    
6244,茂迪,櫃,12月12日,,27.8,0,0,"1,181",32.8,27.8,28,28,27.6,1.44,32.7,2.48,    ,    ,    ,    ,    
6248,沛波,櫃,12月12日,,27.65,-0.1,-0.36,655,18.2,27.75,28.15,28.15,27.65,1.8,9.6,1.44,    ,    ,    ,    ,    
6266,泰詠,櫃,12月12日,,32.4,-0.2,-0.61,266,8.63,32.6,32.6,32.8,32.2,1.84,12.8,1.97,    ,    ,    ,    ,    
6275,元山,櫃,12月12日,,45,-0.4,-0.88,722,32.6,45.4,45.75,45.75,45,1.65,19,2.4,    ,    ,    ,    ,    
6282,康舒,市,12月12日,,41.25,-0.75,-1.79,"10,680",445,42,42.25,42.35,41.25,2.62,4125,1.51,    ,    ,    ,    ,    
6283,淳安,市,12月12日,,28.15,-0.25,-0.88,176,4.96,28.4,28.4,28.45,28.1,1.23,,2.48,    ,    ,    ,    ,    
6288,聯嘉,市,12月12日,,31.85,0.4,1.27,"2,299",73.2,31.45,31.6,32.1,31.5,1.91,,2.18,    ,    ,    ,    ,    
6432,今展科,櫃,12月12日,,38.7,0.75,1.98,"1,239",48.6,37.95,38,40.6,37.5,8.17,31.5,1.49,    ,    ,    ,    ,    
6443,元晶,市,12月12日,,28.2,-0.4,-1.4,"3,538",100,28.6,28.75,28.75,28.15,2.1,24.5,1.91,    ,    ,    ,    ,    
6461,益得,櫃,12月12日,,28,1.05,3.9,676,18.9,26.95,27.05,28.5,27.05,5.38,,4.11,    ,    ,    ,    ,    
6477,安集,市,12月12日,,37.25,-0.15,-0.4,306,11.4,37.4,37.55,37.55,37.15,1.07,16.1,1.35,    ,    ,    ,    ,    
6496,科懋,櫃,12月12日,,28.4,0.05,0.18,13,0.37,28.35,28.45,28.45,28.4,0.18,,1.22,    ,    ,    ,    ,    
6499,益安,櫃,12月12日,,47.65,0.15,0.32,66,3.14,47.5,47.5,48.2,47.5,1.47,,1.73,    ,    ,    ,    ,    
6508,惠光,櫃,12月12日,,34.1,-0.05,-0.15,123,4.19,34.15,34.2,34.25,34,0.73,27.5,1.21,    ,    ,    ,    ,    
6509,聚和,櫃,12月12日,,38.15,0.1,0.26,241,9.18,38.05,38.2,38.4,38,1.05,13.6,1.79,    ,    ,    ,    ,    
6548,長科*,櫃,12月12日,,33.9,0.25,0.74,822,27.9,33.65,33.75,34.2,33.5,2.08,18.8,3.18,    ,    ,    ,    ,    
6552,易華電,市,12月12日,,36.95,-0.5,-1.34,66,2.45,37.45,37.45,37.75,36.95,2.14,,1.23,    ,    ,    ,    ,    
6558,興能高,市,12月12日,,27.3,-0.7,-2.5,"1,101",29.9,28,27.95,28,26.6,5,,1.67,    ,    ,    ,    ,    
6560,欣普羅,櫃,12月12日,,32.2,-0.55,-1.68,22,0.7,32.75,32.15,32.55,32.15,1.22,,1.77,    ,    ,    ,    ,    
6574,霈方,櫃,12月12日,,49.55,0.5,1.02,20,1.01,49.4,49.05,50.2,49.05,2.34,20,1.76,    ,    ,    ,    ,    
6588,東典光電,櫃,12月12日,,37.8,3.15,9.09,628,23.3,34.65,33.95,38.1,33.25,14,,1.38,    ,    ,    ,    ,    
6591,動力-KY,市,12月12日,,49.15,-0.2,-0.41,166,8.15,49.35,49.8,49.8,49,1.62,12.9,0.98,    ,    ,    ,    ,    
6598,ABC-KY,市,12月12日,,26.5,-0.4,-1.49,317,8.42,26.9,26.9,26.9,26.25,2.42,,3.1,    ,    ,    ,    ,    
6609,瀧澤科,櫃,12月12日,,31.9,0.1,0.31,34,1.09,31.8,31.95,31.95,31.7,0.79,12.5,0.98,    ,    ,    ,    ,    
6615,慧智,櫃,12月12日,,39.55,0.5,1.28,14,0.55,39.05,39.05,39.55,39.05,1.28,24.6,1.36,    ,    ,    ,    ,    
6624,萬年清,櫃,12月12日,,46.85,0.15,0.32,44,2.04,46.7,46.9,47.6,45.7,4.07,25.7,2.7,    ,    ,    ,    ,    
6641,基士德-KY,市,12月12日,,43.2,0.65,1.53,8,0.35,42.55,42.65,43.2,42.65,1.29,23.1,1.12,    ,    ,    ,    ,    
6642,富致,櫃,12月12日,,46.5,-0.1,-0.21,42,1.96,46.6,46.4,47.2,46.35,1.82,30,1.76,    ,    ,    ,    ,    
6649,台生材,櫃,12月12日,,31.85,0.2,0.63,18,0.57,31.65,32.05,32.05,31.8,0.79,110,2.11,    ,    ,    ,    ,    
6654,天正國際,櫃,12月12日,,44,0,0,6,0.26,44,44.45,44.45,43.35,2.5,,1.66,    ,    ,    ,    ,    
6658,聯策,市,12月12日,,39.5,0.35,0.89,198,7.82,39.15,39.2,39.85,39.2,1.66,20.7,1.26,    ,    ,    ,    ,    
6662,樂斯科,櫃,12月12日,,32.7,0,0,2,0.07,32.7,32.9,32.9,32.7,0.61,18.8,1.87,    ,    ,    ,    ,    
6671,三能-KY,市,12月12日,,40.4,-0.1,-0.25,23,0.92,40.5,40.55,40.65,40.25,0.99,13.6,1.46,    ,    ,    ,    ,    
6674,鋐寶科技,市,12月12日,,26.25,-0.15,-0.57,9,0.24,26.4,26.4,26.4,26.15,0.95,,1.4,    ,    ,    ,    ,    
6697,東捷資訊,櫃,12月12日,,49.2,-0.4,-0.81,37,1.85,49.6,49.5,50.5,49.2,2.62,23.9,2.36,    ,    ,    ,    ,    
6698,旭暉應材,市,12月12日,,30.8,-0.75,-2.38,235,7.41,31.55,32,32.55,30.8,5.55,,1.62,    ,    ,    ,    ,    
6733,博晟生醫,櫃,12月12日,,36.5,-0.4,-1.08,204,7.48,36.9,36.65,37.05,36.5,1.49,,4.61,    ,    ,    ,    ,    
6757,台灣虎航-創,市,12月12日,,32.9,0.05,0.15,354,11.6,32.85,32.95,33,32.65,1.07,14.6,3.94,    ,    ,    ,    ,    
6767,台微醫,櫃,12月12日,,34.4,-0.1,-0.29,59,2.03,34.5,34.5,34.5,34.15,1.01,313,2.65,    ,    ,    ,    ,    
6770,力積電,市,12月12日,,29.6,0.8,2.78,"14,560",427,28.8,29.05,29.6,29,2.08,48.5,1.26,    ,    ,    ,    ,    
6790,永豐實,市,12月12日,,43.7,0.65,1.51,590,25.7,43.05,43.1,43.95,43.1,1.97,15.2,2.15,    ,    ,    ,    ,    
6807,峰源-KY,市,12月12日,,38.85,1.35,3.6,920,35.5,37.5,38,39.7,37.45,6,9.36,1.02,    ,    ,    ,    ,    
6821,聯寶,櫃,12月12日,,46.65,-0.05,-0.11,73,3.4,46.7,46.7,46.7,46.15,1.18,25.4,2.24,    ,    ,    ,    ,    
6835,圓裕,市,12月12日,,40.2,0.3,0.75,49,1.97,39.9,40.35,40.35,40.1,0.63,15.5,1.69,    ,    ,    ,    ,    
6877,鏵友益,櫃,12月12日,,36.15,-0.6,-1.63,29,1.06,36.75,36.95,36.95,36.15,2.18,59.3,2.09,    ,    ,    ,    ,    
6901,鑽石投資,市,12月12日,,48.8,-0.05,-0.1,897,43.9,48.85,49.05,49.3,48.8,1.02,,3.27,    ,    ,    ,    ,    
6916,華凌,市,12月12日,,28.2,0.2,0.71,297,8.38,28,28.1,28.4,28.1,1.07,12.9,1.71,    ,    ,    ,    ,    
8021,尖點,市,12月12日,,28.2,0.05,0.18,98,2.76,28.15,28.15,28.2,28.1,0.36,,0.91,    ,    ,    ,    ,    
8032,光菱,櫃,12月12日,,29.15,0,0,11,0.33,29.15,29.15,29.2,29.15,0.17,21.8,0.81,    ,    ,    ,    ,    
8034,榮群,櫃,12月12日,,27.65,0.3,1.1,"32,687",905,27.35,28.1,29.3,26.35,10.8,27.4,2.47,    ,    ,    ,    ,    
8038,長園科,櫃,12月12日,,38.05,-0.55,-1.42,163,6.23,38.6,38.6,38.6,38,1.55,123,4.66,    ,    ,    ,    ,    
8039,台虹,市,12月12日,,42.55,-0.1,-0.23,258,11,42.65,42.7,42.7,42.5,0.47,23.4,1.12,    ,    ,    ,    ,    
8040,九暘,櫃,12月12日,,48.2,-1,-2.03,689,33.5,49.2,49.7,49.7,48,3.46,321,4.47,    ,    ,    ,    ,    
8042,金山電,櫃,12月12日,,35.4,0,0,38,1.34,35.4,35.95,35.95,35.4,1.55,354,1.15,    ,    ,    ,    ,    
8043,蜜望實,櫃,12月12日,,27.7,-0.1,-0.36,55,1.54,27.8,27.8,28.1,27.7,1.44,213,0.85,    ,    ,    ,    ,    
8044,網家,櫃,12月12日,,44.9,-1.3,-2.81,"1,638",74.2,46.2,45.75,46.4,44.8,3.46,,0.93,    ,    ,    ,    ,    
8049,晶采,櫃,12月12日,,38.05,-0.5,-1.3,840,32,38.55,38.55,38.65,37.7,2.46,9.93,2.1,    ,    ,    ,    ,    
8066,來思達,櫃,12月12日,,29.3,0,0,23,0.67,29.3,29.2,29.4,29.2,0.68,68.1,1.51,    ,    ,    ,    ,    
8068,全達,櫃,12月12日,,40.45,1.8,4.66,"6,769",278,38.65,39.4,42.5,38.65,9.96,,3.69,    ,    ,    ,    ,    
8070,長華*,市,12月12日,,34.9,0.05,0.14,596,20.8,34.85,35,35,34.8,0.57,14.7,1.66,    ,    ,    ,    ,    
8072,陞泰,市,12月12日,,27.25,0.2,0.74,53,1.45,27.05,27.35,27.35,27.05,1.11,34.1,0.97,    ,    ,    ,    ,    
8076,伍豐,櫃,12月12日,,30.4,0,0,805,24.4,30.4,30.5,30.6,30.1,1.64,29.8,2.09,    ,    ,    ,    ,    
8077,洛碁,櫃,12月12日,,48,-2.2,-4.38,12,0.57,50.2,48,48.2,47.7,1,,3.91,    ,    ,    ,    ,    
8085,福華,櫃,12月12日,,47.1,1.2,2.61,"2,023",94.7,45.9,45.9,47.8,45.6,4.79,362,3.55,    ,    ,    ,    ,    
8087,華鎂鑫,櫃,12月12日,,49.8,-0.4,-0.8,44,2.23,50.2,51,51,49.65,2.69,11,3.58,    ,    ,    ,    ,    
8088,品安,櫃,12月12日,,43.85,-1.25,-2.77,"6,196",272,45.1,44.5,44.8,43.35,3.22,13.9,2.3,    ,    ,    ,    ,    
8089,康全電訊,櫃,12月12日,,49.7,4.5,9.96,"3,421",167,45.2,44.5,49.7,44.15,12.3,,2.96,    ,    ,    ,    ,    
8103,瀚荃,市,12月12日,,43.1,2.05,4.99,"2,508",108,41.05,41.5,45.1,41.5,8.77,15.3,1.09,    ,    ,    ,    ,    
8104,錸寶,市,12月12日,,35.4,-0.25,-0.7,57,2,35.65,35.5,35.55,35.2,0.98,,1.37,    ,    ,    ,    ,    
8112A,至上甲特,市,12月12日,,41.6,0.05,0.12,39,1.63,41.55,41.55,41.6,41.5,0.24,,,    ,    ,    ,    ,    
8131,福懋科,市,12月12日,,38.95,-0.15,-0.38,323,12.6,39.1,39,39,38.85,0.38,21.9,1.47,    ,    ,    ,    ,    
8150,南茂,市,12月12日,,42.45,0.05,0.12,"3,442",147,42.4,42.9,42.95,42.4,1.3,19.7,1.26,    ,    ,    ,    ,    
8171,天宇,櫃,12月12日,,41.15,0,0,218,9,41.15,41.15,41.6,41.15,1.09,171,1.89,    ,    ,    ,    ,    
8182,加高,櫃,12月12日,,33.3,0.3,0.91,645,21.7,33,33.5,33.85,33.25,1.82,115,1.02,    ,    ,    ,    ,    
8213,志超,市,12月12日,,44.1,0.15,0.34,537,23.7,43.95,44.05,44.35,44,0.8,11.1,0.81,    ,    ,    ,    ,    
8215,明基材,市,12月12日,,34,-0.15,-0.44,922,31.4,34.15,34.15,34.4,34,1.17,18.5,1.87,    ,    ,    ,    ,    
8222,寶一,市,12月12日,,46.65,0.5,1.08,"3,449",162,46.15,46.2,47.95,46.2,3.79,59.8,3.85,    ,    ,    ,    ,    
8234,新漢,櫃,12月12日,,47.4,-0.5,-1.04,291,13.8,47.9,47.95,48.1,47.15,1.98,23.3,2.03,    ,    ,    ,    ,    
8240,華宏,櫃,12月12日,,34.7,0.05,0.14,240,8.29,34.65,34.5,34.8,34.35,1.3,16.8,0.81,    ,    ,    ,    ,    
8249,菱光,市,12月12日,,29.45,0.05,0.17,92,2.7,29.4,29.6,29.6,29.35,0.85,13,0.77,    ,    ,    ,    ,    
8289,泰藝,櫃,12月12日,,32.95,-0.05,-0.15,229,7.55,33,33.05,33.15,32.65,1.52,16.1,1.38,    ,    ,    ,    ,    
8349A,恒耀甲特,櫃,12月12日,,42.15,0.15,0.36,21,0.9,42,41.8,42.2,41.8,0.95,,,    ,    ,    ,    ,    
8367,建新國際,市,12月12日,,41.2,-0.4,-0.96,70,2.88,41.6,41.65,41.65,40.7,2.28,14,1.22,    ,    ,    ,    ,    
8374,羅昇,市,12月12日,,28.55,-0.05,-0.17,6,0.18,28.6,28.5,28.55,28.5,0.17,,1.61,    ,    ,    ,    ,    
8383,千附,櫃,12月12日,,38.1,0.1,0.26,77,2.95,38,38,38.1,37.95,0.39,35.6,1.27,    ,    ,    ,    ,    
8403,盛弘,櫃,12月12日,,32.75,-0.1,-0.3,172,5.64,32.85,33,33.05,32.65,1.22,102,1.13,    ,    ,    ,    ,    
8409,商之器,櫃,12月12日,,25.1,-0.05,-0.2,106,2.65,25.15,25.6,25.6,24.95,2.58,,2.92,    ,    ,    ,    ,    
8415,大國鋼,櫃,12月12日,,35.1,0.4,1.15,905,31.6,34.7,34.7,35.1,34.2,2.59,11.1,1.45,    ,    ,    ,    ,    
8432,東生華,櫃,12月12日,,49.35,0.15,0.3,115,5.69,49.2,49.3,49.9,48.9,2.03,35.2,1.75,    ,    ,    ,    ,    
8437,大地-KY,櫃,12月12日,,48.75,0,0,37,1.81,48.75,48.7,49,48.35,1.33,29.5,0.92,    ,    ,    ,    ,    
8438,昶昕,市,12月12日,,26.85,-0.3,-1.1,17,0.46,27.15,27.15,27.15,26.7,1.66,28.9,1.11,    ,    ,    ,    ,    
8440,綠電,櫃,12月12日,,36.25,0,0,81,2.92,36.25,36.25,36.55,36,1.52,21.8,2.26,    ,    ,    ,    ,    
8444,綠河-KY,櫃,12月12日,,34.95,0.1,0.29,34,1.2,34.85,35.6,35.6,34.85,2.15,,3.27,    ,    ,    ,    ,    
8463,潤泰材,市,12月12日,,25.3,0,0,195,4.97,25.3,25.6,25.65,25.25,1.58,32,1.72,    ,    ,    ,    ,    
8466,美吉吉-KY,市,12月12日,,49.55,0.05,0.1,38,1.88,49.5,50,50,49.4,1.21,,1.27,    ,    ,    ,    ,    
8472,夠麻吉,櫃,12月12日,,33.7,-0.6,-1.75,20,0.7,34.3,35.5,35.5,33.7,5.25,,1.65,    ,    ,    ,    ,    
8473,山林水,市,12月12日,,29.9,-0.4,-1.32,125,3.73,30.3,30.3,30.3,29.65,2.15,,0.81,    ,    ,    ,    ,    
8905,裕國,櫃,12月12日,,29.35,-0.2,-0.68,82,2.4,29.55,29.7,29.7,29.25,1.52,12.1,1.22,    ,    ,    ,    ,    
8926,台汽電,市,12月12日,,40,-0.2,-0.5,"1,105",44.2,40.2,40.2,40.25,39.9,0.87,16.2,1.91,    ,    ,    ,    ,    
8928,鉅明,櫃,12月12日,,32.15,-0.4,-1.23,83,2.67,32.55,32.65,32.75,32.15,1.84,26.6,1.61,    ,    ,    ,    ,    
8930,青鋼,櫃,12月12日,,40.2,1.1,2.81,"1,850",74.1,39.1,39.5,40.55,39.3,3.2,13.6,2.26,    ,    ,    ,    ,    
8931,大汽電,櫃,12月12日,,48.7,-0.05,-0.1,78,3.82,48.75,48.85,49.4,48.7,1.44,16.1,2.82,    ,    ,    ,    ,    
8940,新天地,市,12月12日,,28.45,0.15,0.53,180,5.09,28.3,28.3,28.6,28.15,1.59,19.4,2.97,    ,    ,    ,    ,    
9904,寶成,市,12月12日,,31,-0.2,-0.64,"4,614",143,31.2,31.2,31.25,30.9,1.12,11.7,0.76,    ,    ,    ,    ,    
9908,大台北,市,12月12日,,32.7,-0.05,-0.15,81,2.63,32.75,32.75,32.75,32.65,0.31,14.8,1.26,    ,    ,    ,    ,    
9918,欣天然,市,12月12日,,40.95,0,0,15,0.61,40.95,40.7,40.95,40.55,0.98,23.1,2.36,    ,    ,    ,    ,    
9924,福興,市,12月12日,,47.5,-0.05,-0.11,594,28.1,47.55,47.35,47.8,47.05,1.58,10.5,1.32,    ,    ,    ,    ,    
9925,新保,市,12月12日,,40.6,0,0,235,9.51,40.6,40.6,40.6,40.5,0.25,16.9,1.45,    ,    ,    ,    ,    
9928,中視,市,12月12日,,25.45,-0.35,-1.36,361,9.21,25.8,25.8,26.15,25.25,3.49,,4.01,    ,    ,    ,    ,    
9931,欣高,市,12月12日,,39.45,0.15,0.38,70,2.74,39.3,39.7,39.75,38.6,2.93,30.6,1.88,    ,    ,    ,    ,    
9933,中鼎,市,12月12日,,43.8,-0.05,-0.11,"1,748",76.6,43.85,44,44,43.75,0.57,19.8,1.99,    ,    ,    ,    ,    
9940,信義,市,12月12日,,30,0.1,0.33,441,13.2,29.9,29.9,30.1,29.8,1,13.9,1.78,    ,    ,    ,    ,    
9941A,裕融甲特,市,12月12日,,49.3,0.05,0.1,15,0.73,49.25,49.25,49.3,49.25,0.1,,,    ,    ,    ,    ,    
9945,潤泰新,市,12月12日,,36.2,-0.3,-0.82,"4,333",157,36.5,36.7,36.85,36,2.33,18.4,1.21,    ,    ,    ,    ,    
9950,萬國通,櫃,12月12日,,25.55,-1.75,-6.41,"3,174",82.2,27.3,26.8,26.8,25.5,4.76,4.18,3.16,    ,    ,    ,    ,    
9960,邁達康,櫃,12月12日,,27.75,-0.05,-0.18,43,1.21,27.8,28.2,28.2,27.65,1.98,9.91,1.53,    ,    ,    ,    ,    
